Workbook

Sheet Results_list
G2: Scenario
B3: Activity | C3: Activity | D3: Impact Category | F3: Impact Mitigation | G3: SSP1 | H3: SSP1 + VSI | I3: Δ% | J3: SSP2 | K3: SSP2 + VSI | L3: Δ% | M3: SSP5 | N3: SSP5 + VSI | O3: Δ%
B4: platinum group metal mine operation, ore with high palladium content (RU) | C4: platinum group metal mine operation, ore with high palladium content | D4: ('ReCiPe Midpoint (H)', 'terrestrial ecotoxicity', 'TETPinf') | F4: TETPinf | G4: =((SUMIFS(SSP1_Baseline!$E:$E,SSP1_Baseline!$C:$C,Results_list!$C$4,SSP1_Baseline!$D:$D,Results_list!$D4,SSP1_Baseline!$B:$B,2040)) - (SUMIFS(SSP1_Baseline!$E:$E,SSP1_Baseline!$C:$C,Results_list!$C$4,SSP1_Baseline!$D:$D,Results_list!$D4,SSP1_Baseline!$B:$B,2025))) / (SUMIFS(SSP1_Baseline!$E:$E,SSP1_Baseline!$C:$C,Results_list!$C$4,SSP1_Baseline!$D:$D,Results_list!$D4,SSP1_Baseline!$B:$B,2025)) -> -0.086069654 | H4: =((SUMIFS(SSP1_VSI!$F:$F,SSP1_VSI!$C:$C,Results_list!$C$4,SSP1_VSI!$D:$D,Results_list!$D4,SSP1_VSI!$B:$B,2040)) - (SUMIFS(SSP1_VSI!$F:$F,SSP1_VSI!$C:$C,Results_list!$C$4,SSP1_VSI!$D:$D,Results_list!$D4,SSP1_VSI!$B:$B,2025))) / (SUMIFS(SSP1_VSI!$F:$F,SSP1_VSI!$C:$C,Results_list!$C$4,SSP1_VSI!$D:$D,Results_list!$D4,SSP1_VSI!$B:$B,2025)) -> -0.32276358 | I4: =ROUND(H4-G4,2) -> -0.24 | J4: =((SUMIFS(SSP2_Baseline!$E:$E,SSP2_Baseline!$C:$C,Results_list!$C$4,SSP2_Baseline!$D:$D,Results_list!$D4,SSP2_Baseline!$B:$B,2040)) - (SUMIFS(SSP2_Baseline!$E:$E,SSP2_Baseline!$C:$C,Results_list!$C$4,SSP2_Baseline!$D:$D,Results_list!$D4,SSP2_Baseline!$B:$B,2025))) / (SUMIFS(SSP2_Baseline!$E:$E,SSP2_Baseline!$C:$C,Results_list!$C$4,SSP2_Baseline!$D:$D,Results_list!$D4,SSP2_Baseline!$B:$B,2025)) -> 0.32899823 | K4: =((SUMIFS(SSP2_VSI!$F:$F,SSP2_VSI!$C:$C,Results_list!$C$4,SSP2_VSI!$D:$D,Results_list!$D4,SSP2_VSI!$B:$B,2040)) - (SUMIFS(SSP2_VSI!$F:$F,SSP2_VSI!$C:$C,Results_list!$C$4,SSP2_VSI!$D:$D,Results_list!$D4,SSP2_VSI!$B:$B,2025))) / (SUMIFS(SSP2_VSI!$F:$F,SSP2_VSI!$C:$C,Results_list!$C$4,SSP2_VSI!$D:$D,Results_list!$D4,SSP2_VSI!$B:$B,2025)) -> -0.12398302 | L4: =ROUND(K4-J4,2) -> -0.45 | M4: =((SUMIFS(SSP5_Baseline!$E:$E,SSP5_Baseline!$C:$C,Results_list!$C$4,SSP5_Baseline!$D:$D,Results_list!$D4,SSP5_Baseline!$B:$B,2040)) - (SUMIFS(SSP5_Baseline!$E:$E,SSP5_Baseline!$C:$C,Results_list!$C$4,SSP5_Baseline!$D:$D,Results_list!$D4,SSP5_Baseline!$B:$B,2025))) / (SUMIFS(SSP5_Baseline!$E:$E,SSP5_Baseline!$C:$C,Results_list!$C$4,SSP5_Baseline!$D:$D,Results_list!$D4,SSP5_Baseline!$B:$B,2025)) -> 0.53114618 | N4: =((SUMIFS(SSP5_VSI!$F:$F,SSP5_VSI!$C:$C,Results_list!$C$4,SSP5_VSI!$D:$D,Results_list!$D4,SSP5_VSI!$B:$B,2040)) - (SUMIFS(SSP5_VSI!$F:$F,SSP5_VSI!$C:$C,Results_list!$C$4,SSP5_VSI!$D:$D,Results_list!$D4,SSP5_VSI!$B:$B,2025))) / (SUMIFS(SSP5_VSI!$F:$F,SSP5_VSI!$C:$C,Results_list!$C$4,SSP5_VSI!$D:$D,Results_list!$D4,SSP5_VSI!$B:$B,2025)) -> 0.056086358 | O4: =ROUND(N4-M4,2) -> -0.48
D5: ('ReCiPe Midpoint (H)', 'natural land transformation', 'NLTP') | F5: NLTP | G5: =((SUMIFS(SSP1_Baseline!E:E,SSP1_Baseline!C:C,Results_list!$C$4,SSP1_Baseline!D:D,Results_list!D5,SSP1_Baseline!B:B,2040)) - (SUMIFS(SSP1_Baseline!E:E,SSP1_Baseline!C:C,Results_list!$C$4,SSP1_Baseline!D:D,Results_list!D5,SSP1_Baseline!B:B,2025))) / (SUMIFS(SSP1_Baseline!E:E,SSP1_Baseline!C:C,Results_list!$C$4,SSP1_Baseline!D:D,Results_list!D5,SSP1_Baseline!B:B,2025)) -> -0.063355467 | H5: =((SUMIFS(SSP1_VSI!F:F,SSP1_VSI!C:C,Results_list!$C$4,SSP1_VSI!D:D,Results_list!D5,SSP1_VSI!B:B,2040)) - (SUMIFS(SSP1_VSI!F:F,SSP1_VSI!C:C,Results_list!$C$4,SSP1_VSI!D:D,Results_list!D5,SSP1_VSI!B:B,2025))) / (SUMIFS(SSP1_VSI!F:F,SSP1_VSI!C:C,Results_list!$C$4,SSP1_VSI!D:D,Results_list!D5,SSP1_VSI!B:B,2025)) -> -0.063357724 | I5: =ROUND(H5-G5,2) -> 0 | J5: =((SUMIFS(SSP2_Baseline!$E:$E,SSP2_Baseline!$C:$C,Results_list!$C$4,SSP2_Baseline!$D:$D,Results_list!$D5,SSP2_Baseline!$B:$B,2040)) - (SUMIFS(SSP2_Baseline!$E:$E,SSP2_Baseline!$C:$C,Results_list!$C$4,SSP2_Baseline!$D:$D,Results_list!$D5,SSP2_Baseline!$B:$B,2025))) / (SUMIFS(SSP2_Baseline!$E:$E,SSP2_Baseline!$C:$C,Results_list!$C$4,SSP2_Baseline!$D:$D,Results_list!$D5,SSP2_Baseline!$B:$B,2025)) -> -0.072682945 | K5: =((SUMIFS(SSP2_VSI!$F:$F,SSP2_VSI!$C:$C,Results_list!$C$4,SSP2_VSI!$D:$D,Results_list!$D5,SSP2_VSI!$B:$B,2040)) - (SUMIFS(SSP2_VSI!$F:$F,SSP2_VSI!$C:$C,Results_list!$C$4,SSP2_VSI!$D:$D,Results_list!$D5,SSP2_VSI!$B:$B,2025))) / (SUMIFS(SSP2_VSI!$F:$F,SSP2_VSI!$C:$C,Results_list!$C$4,SSP2_VSI!$D:$D,Results_list!$D5,SSP2_VSI!$B:$B,2025)) -> -0.072677615 | L5: =ROUND(K5-J5,2) -> 0 | M5: =((SUMIFS(SSP5_Baseline!$E:$E,SSP5_Baseline!$C:$C,Results_list!$C$4,SSP5_Baseline!$D:$D,Results_list!$D5,SSP5_Baseline!$B:$B,2040)) - (SUMIFS(SSP5_Baseline!$E:$E,SSP5_Baseline!$C:$C,Results_list!$C$4,SSP5_Baseline!$D:$D,Results_list!$D5,SSP5_Baseline!$B:$B,2025))) / (SUMIFS(SSP5_Baseline!$E:$E,SSP5_Baseline!$C:$C,Results_list!$C$4,SSP5_Baseline!$D:$D,Results_list!$D5,SSP5_Baseline!$B:$B,2025)) -> 0.16400753 | N5: =((SUMIFS(SSP5_VSI!$F:$F,SSP5_VSI!$C:$C,Results_list!$C$4,SSP5_VSI!$D:$D,Results_list!$D5,SSP5_VSI!$B:$B,2040)) - (SUMIFS(SSP5_VSI!$F:$F,SSP5_VSI!$C:$C,Results_list!$C$4,SSP5_VSI!$D:$D,Results_list!$D5,SSP5_VSI!$B:$B,2025))) / (SUMIFS(SSP5_VSI!$F:$F,SSP5_VSI!$C:$C,Results_list!$C$4,SSP5_VSI!$D:$D,Results_list!$D5,SSP5_VSI!$B:$B,2025)) -> 0.163929 | O5: =ROUND(N5-M5,2) -> 0
D6: ('ReCiPe Midpoint (H)', 'photochemical oxidant formation', 'POFP') | F6: POFP | G6: =((SUMIFS(SSP1_Baseline!E:E,SSP1_Baseline!C:C,Results_list!$C$4,SSP1_Baseline!D:D,Results_list!D6,SSP1_Baseline!B:B,2040)) - (SUMIFS(SSP1_Baseline!E:E,SSP1_Baseline!C:C,Results_list!$C$4,SSP1_Baseline!D:D,Results_list!D6,SSP1_Baseline!B:B,2025))) / (SUMIFS(SSP1_Baseline!E:E,SSP1_Baseline!C:C,Results_list!$C$4,SSP1_Baseline!D:D,Results_list!D6,SSP1_Baseline!B:B,2025)) -> -0.0032533836 | H6: =((SUMIFS(SSP1_VSI!F:F,SSP1_VSI!C:C,Results_list!$C$4,SSP1_VSI!D:D,Results_list!D6,SSP1_VSI!B:B,2040)) - (SUMIFS(SSP1_VSI!F:F,SSP1_VSI!C:C,Results_list!$C$4,SSP1_VSI!D:D,Results_list!D6,SSP1_VSI!B:B,2025))) / (SUMIFS(SSP1_VSI!F:F,SSP1_VSI!C:C,Results_list!$C$4,SSP1_VSI!D:D,Results_list!D6,SSP1_VSI!B:B,2025)) -> -0.93631373 | I6: =ROUND(H6-G6,2) -> -0.93 | J6: =((SUMIFS(SSP2_Baseline!$E:$E,SSP2_Baseline!$C:$C,Results_list!$C$4,SSP2_Baseline!$D:$D,Results_list!$D6,SSP2_Baseline!$B:$B,2040)) - (SUMIFS(SSP2_Baseline!$E:$E,SSP2_Baseline!$C:$C,Results_list!$C$4,SSP2_Baseline!$D:$D,Results_list!$D6,SSP2_Baseline!$B:$B,2025))) / (SUMIFS(SSP2_Baseline!$E:$E,SSP2_Baseline!$C:$C,Results_list!$C$4,SSP2_Baseline!$D:$D,Results_list!$D6,SSP2_Baseline!$B:$B,2025)) -> -0.0030202638 | K6: =((SUMIFS(SSP2_VSI!$F:$F,SSP2_VSI!$C:$C,Results_list!$C$4,SSP2_VSI!$D:$D,Results_list!$D6,SSP2_VSI!$B:$B,2040)) - (SUMIFS(SSP2_VSI!$F:$F,SSP2_VSI!$C:$C,Results_list!$C$4,SSP2_VSI!$D:$D,Results_list!$D6,SSP2_VSI!$B:$B,2025))) / (SUMIFS(SSP2_VSI!$F:$F,SSP2_VSI!$C:$C,Results_list!$C$4,SSP2_VSI!$D:$D,Results_list!$D6,SSP2_VSI!$B:$B,2025)) -> -0.93595552 | L6: =ROUND(K6-J6,2) -> -0.93 | M6: =((SUMIFS(SSP5_Baseline!$E:$E,SSP5_Baseline!$C:$C,Results_list!$C$4,SSP5_Baseline!$D:$D,Results_list!$D6,SSP5_Baseline!$B:$B,2040)) - (SUMIFS(SSP5_Baseline!$E:$E,SSP5_Baseline!$C:$C,Results_list!$C$4,SSP5_Baseline!$D:$D,Results_list!$D6,SSP5_Baseline!$B:$B,2025))) / (SUMIFS(SSP5_Baseline!$E:$E,SSP5_Baseline!$C:$C,Results_list!$C$4,SSP5_Baseline!$D:$D,Results_list!$D6,SSP5_Baseline!$B:$B,2025)) -> 0.00015985024 | N6: =((SUMIFS(SSP5_VSI!$F:$F,SSP5_VSI!$C:$C,Results_list!$C$4,SSP5_VSI!$D:$D,Results_list!$D6,SSP5_VSI!$B:$B,2040)) - (SUMIFS(SSP5_VSI!$F:$F,SSP5_VSI!$C:$C,Results_list!$C$4,SSP5_VSI!$D:$D,Results_list!$D6,SSP5_VSI!$B:$B,2025))) / (SUMIFS(SSP5_VSI!$F:$F,SSP5_VSI!$C:$C,Results_list!$C$4,SSP5_VSI!$D:$D,Results_list!$D6,SSP5_VSI!$B:$B,2025)) -> -0.9303396 | O6: =ROUND(N6-M6,2) -> -0.93
D7: ('ReCiPe Midpoint (H)', 'human toxicity', 'HTPinf') | F7: HTPinf | G7: =((SUMIFS(SSP1_Baseline!E:E,SSP1_Baseline!C:C,Results_list!$C$4,SSP1_Baseline!D:D,Results_list!D7,SSP1_Baseline!B:B,2040)) - (SUMIFS(SSP1_Baseline!E:E,SSP1_Baseline!C:C,Results_list!$C$4,SSP1_Baseline!D:D,Results_list!D7,SSP1_Baseline!B:B,2025))) / (SUMIFS(SSP1_Baseline!E:E,SSP1_Baseline!C:C,Results_list!$C$4,SSP1_Baseline!D:D,Results_list!D7,SSP1_Baseline!B:B,2025)) -> -0.063126918 | H7: =((SUMIFS(SSP1_VSI!F:F,SSP1_VSI!C:C,Results_list!$C$4,SSP1_VSI!D:D,Results_list!D7,SSP1_VSI!B:B,2040)) - (SUMIFS(SSP1_VSI!F:F,SSP1_VSI!C:C,Results_list!$C$4,SSP1_VSI!D:D,Results_list!D7,SSP1_VSI!B:B,2025))) / (SUMIFS(SSP1_VSI!F:F,SSP1_VSI!C:C,Results_list!$C$4,SSP1_VSI!D:D,Results_list!D7,SSP1_VSI!B:B,2025)) -> -0.18415985 | I7: =ROUND(H7-G7,2) -> -0.12 | J7: =((SUMIFS(SSP2_Baseline!$E:$E,SSP2_Baseline!$C:$C,Results_list!$C$4,SSP2_Baseline!$D:$D,Results_list!$D7,SSP2_Baseline!$B:$B,2040)) - (SUMIFS(SSP2_Baseline!$E:$E,SSP2_Baseline!$C:$C,Results_list!$C$4,SSP2_Baseline!$D:$D,Results_list!$D7,SSP2_Baseline!$B:$B,2025))) / (SUMIFS(SSP2_Baseline!$E:$E,SSP2_Baseline!$C:$C,Results_list!$C$4,SSP2_Baseline!$D:$D,Results_list!$D7,SSP2_Baseline!$B:$B,2025)) -> -0.05871192 | K7: =((SUMIFS(SSP2_VSI!$F:$F,SSP2_VSI!$C:$C,Results_list!$C$4,SSP2_VSI!$D:$D,Results_list!$D7,SSP2_VSI!$B:$B,2040)) - (SUMIFS(SSP2_VSI!$F:$F,SSP2_VSI!$C:$C,Results_list!$C$4,SSP2_VSI!$D:$D,Results_list!$D7,SSP2_VSI!$B:$B,2025))) / (SUMIFS(SSP2_VSI!$F:$F,SSP2_VSI!$C:$C,Results_list!$C$4,SSP2_VSI!$D:$D,Results_list!$D7,SSP2_VSI!$B:$B,2025)) -> -0.17971458 | L7: =ROUND(K7-J7,2) -> -0.12 | M7: =((SUMIFS(SSP5_Baseline!$E:$E,SSP5_Baseline!$C:$C,Results_list!$C$4,SSP5_Baseline!$D:$D,Results_list!$D7,SSP5_Baseline!$B:$B,2040)) - (SUMIFS(SSP5_Baseline!$E:$E,SSP5_Baseline!$C:$C,Results_list!$C$4,SSP5_Baseline!$D:$D,Results_list!$D7,SSP5_Baseline!$B:$B,2025))) / (SUMIFS(SSP5_Baseline!$E:$E,SSP5_Baseline!$C:$C,Results_list!$C$4,SSP5_Baseline!$D:$D,Results_list!$D7,SSP5_Baseline!$B:$B,2025)) -> -0.05556281 | N7: =((SUMIFS(SSP5_VSI!$F:$F,SSP5_VSI!$C:$C,Results_list!$C$4,SSP5_VSI!$D:$D,Results_list!$D7,SSP5_VSI!$B:$B,2040)) - (SUMIFS(SSP5_VSI!$F:$F,SSP5_VSI!$C:$C,Results_list!$C$4,SSP5_VSI!$D:$D,Results_list!$D7,SSP5_VSI!$B:$B,2025))) / (SUMIFS(SSP5_VSI!$F:$F,SSP5_VSI!$C:$C,Results_list!$C$4,SSP5_VSI!$D:$D,Results_list!$D7,SSP5_VSI!$B:$B,2025)) -> -0.16680077 | O7: =ROUND(N7-M7,2) -> -0.11
D8: ('ReCiPe Midpoint (H)', 'marine eutrophication', 'MEP') | F8: MEP | G8: =((SUMIFS(SSP1_Baseline!E:E,SSP1_Baseline!C:C,Results_list!$C$4,SSP1_Baseline!D:D,Results_list!D8,SSP1_Baseline!B:B,2040)) - (SUMIFS(SSP1_Baseline!E:E,SSP1_Baseline!C:C,Results_list!$C$4,SSP1_Baseline!D:D,Results_list!D8,SSP1_Baseline!B:B,2025))) / (SUMIFS(SSP1_Baseline!E:E,SSP1_Baseline!C:C,Results_list!$C$4,SSP1_Baseline!D:D,Results_list!D8,SSP1_Baseline!B:B,2025)) -> -0.1513448 | H8: =((SUMIFS(SSP1_VSI!F:F,SSP1_VSI!C:C,Results_list!$C$4,SSP1_VSI!D:D,Results_list!D8,SSP1_VSI!B:B,2040)) - (SUMIFS(SSP1_VSI!F:F,SSP1_VSI!C:C,Results_list!$C$4,SSP1_VSI!D:D,Results_list!D8,SSP1_VSI!B:B,2025))) / (SUMIFS(SSP1_VSI!F:F,SSP1_VSI!C:C,Results_list!$C$4,SSP1_VSI!D:D,Results_list!D8,SSP1_VSI!B:B,2025)) -> -0.19315105 | I8: =ROUND(H8-G8,2) -> -0.04 | J8: =((SUMIFS(SSP2_Baseline!$E:$E,SSP2_Baseline!$C:$C,Results_list!$C$4,SSP2_Baseline!$D:$D,Results_list!$D8,SSP2_Baseline!$B:$B,2040)) - (SUMIFS(SSP2_Baseline!$E:$E,SSP2_Baseline!$C:$C,Results_list!$C$4,SSP2_Baseline!$D:$D,Results_list!$D8,SSP2_Baseline!$B:$B,2025))) / (SUMIFS(SSP2_Baseline!$E:$E,SSP2_Baseline!$C:$C,Results_list!$C$4,SSP2_Baseline!$D:$D,Results_list!$D8,SSP2_Baseline!$B:$B,2025)) -> -0.1097466 | K8: =((SUMIFS(SSP2_VSI!$F:$F,SSP2_VSI!$C:$C,Results_list!$C$4,SSP2_VSI!$D:$D,Results_list!$D8,SSP2_VSI!$B:$B,2040)) - (SUMIFS(SSP2_VSI!$F:$F,SSP2_VSI!$C:$C,Results_list!$C$4,SSP2_VSI!$D:$D,Results_list!$D8,SSP2_VSI!$B:$B,2025))) / (SUMIFS(SSP2_VSI!$F:$F,SSP2_VSI!$C:$C,Results_list!$C$4,SSP2_VSI!$D:$D,Results_list!$D8,SSP2_VSI!$B:$B,2025)) -> -0.15413152 | L8: =ROUND(K8-J8,2) -> -0.04 | M8: =((SUMIFS(SSP5_Baseline!$E:$E,SSP5_Baseline!$C:$C,Results_list!$C$4,SSP5_Baseline!$D:$D,Results_list!$D8,SSP5_Baseline!$B:$B,2040)) - (SUMIFS(SSP5_Baseline!$E:$E,SSP5_Baseline!$C:$C,Results_list!$C$4,SSP5_Baseline!$D:$D,Results_list!$D8,SSP5_Baseline!$B:$B,2025))) / (SUMIFS(SSP5_Baseline!$E:$E,SSP5_Baseline!$C:$C,Results_list!$C$4,SSP5_Baseline!$D:$D,Results_list!$D8,SSP5_Baseline!$B:$B,2025)) -> -0.074212603 | N8: =((SUMIFS(SSP5_VSI!$F:$F,SSP5_VSI!$C:$C,Results_list!$C$4,SSP5_VSI!$D:$D,Results_list!$D8,SSP5_VSI!$B:$B,2040)) - (SUMIFS(SSP5_VSI!$F:$F,SSP5_VSI!$C:$C,Results_list!$C$4,SSP5_VSI!$D:$D,Results_list!$D8,SSP5_VSI!$B:$B,2025))) / (SUMIFS(SSP5_VSI!$F:$F,SSP5_VSI!$C:$C,Results_list!$C$4,SSP5_VSI!$D:$D,Results_list!$D8,SSP5_VSI!$B:$B,2025)) -> -0.11293629 | O8: =ROUND(N8-M8,2) -> -0.04
D9: ('IPCC 2013', 'climate change', 'GWP 100a, incl. H and bio CO2') | F9: GWP100 | G9: =((SUMIFS(SSP1_Baseline!E:E,SSP1_Baseline!C:C,Results_list!$C$4,SSP1_Baseline!D:D,Results_list!D9,SSP1_Baseline!B:B,2040)) - (SUMIFS(SSP1_Baseline!E:E,SSP1_Baseline!C:C,Results_list!$C$4,SSP1_Baseline!D:D,Results_list!D9,SSP1_Baseline!B:B,2025))) / (SUMIFS(SSP1_Baseline!E:E,SSP1_Baseline!C:C,Results_list!$C$4,SSP1_Baseline!D:D,Results_list!D9,SSP1_Baseline!B:B,2025)) -> -0.083937643 | H9: =((SUMIFS(SSP1_VSI!F:F,SSP1_VSI!C:C,Results_list!$C$4,SSP1_VSI!D:D,Results_list!D9,SSP1_VSI!B:B,2040)) - (SUMIFS(SSP1_VSI!F:F,SSP1_VSI!C:C,Results_list!$C$4,SSP1_VSI!D:D,Results_list!D9,SSP1_VSI!B:B,2025))) / (SUMIFS(SSP1_VSI!F:F,SSP1_VSI!C:C,Results_list!$C$4,SSP1_VSI!D:D,Results_list!D9,SSP1_VSI!B:B,2025)) -> -0.096716075 | I9: =ROUND(H9-G9,2) -> -0.01 | J9: =((SUMIFS(SSP2_Baseline!$E:$E,SSP2_Baseline!$C:$C,Results_list!$C$4,SSP2_Baseline!$D:$D,Results_list!$D9,SSP2_Baseline!$B:$B,2040)) - (SUMIFS(SSP2_Baseline!$E:$E,SSP2_Baseline!$C:$C,Results_list!$C$4,SSP2_Baseline!$D:$D,Results_list!$D9,SSP2_Baseline!$B:$B,2025))) / (SUMIFS(SSP2_Baseline!$E:$E,SSP2_Baseline!$C:$C,Results_list!$C$4,SSP2_Baseline!$D:$D,Results_list!$D9,SSP2_Baseline!$B:$B,2025)) -> -0.066957304 | K9: =((SUMIFS(SSP2_VSI!$F:$F,SSP2_VSI!$C:$C,Results_list!$C$4,SSP2_VSI!$D:$D,Results_list!$D9,SSP2_VSI!$B:$B,2040)) - (SUMIFS(SSP2_VSI!$F:$F,SSP2_VSI!$C:$C,Results_list!$C$4,SSP2_VSI!$D:$D,Results_list!$D9,SSP2_VSI!$B:$B,2025))) / (SUMIFS(SSP2_VSI!$F:$F,SSP2_VSI!$C:$C,Results_list!$C$4,SSP2_VSI!$D:$D,Results_list!$D9,SSP2_VSI!$B:$B,2025)) -> -0.079768049 | L9: =ROUND(K9-J9,2) -> -0.01 | M9: =((SUMIFS(SSP5_Baseline!$E:$E,SSP5_Baseline!$C:$C,Results_list!$C$4,SSP5_Baseline!$D:$D,Results_list!$D9,SSP5_Baseline!$B:$B,2040)) - (SUMIFS(SSP5_Baseline!$E:$E,SSP5_Baseline!$C:$C,Results_list!$C$4,SSP5_Baseline!$D:$D,Results_list!$D9,SSP5_Baseline!$B:$B,2025))) / (SUMIFS(SSP5_Baseline!$E:$E,SSP5_Baseline!$C:$C,Results_list!$C$4,SSP5_Baseline!$D:$D,Results_list!$D9,SSP5_Baseline!$B:$B,2025)) -> 0.050519624 | N9: =((SUMIFS(SSP5_VSI!$F:$F,SSP5_VSI!$C:$C,Results_list!$C$4,SSP5_VSI!$D:$D,Results_list!$D9,SSP5_VSI!$B:$B,2040)) - (SUMIFS(SSP5_VSI!$F:$F,SSP5_VSI!$C:$C,Results_list!$C$4,SSP5_VSI!$D:$D,Results_list!$D9,SSP5_VSI!$B:$B,2025))) / (SUMIFS(SSP5_VSI!$F:$F,SSP5_VSI!$C:$C,Results_list!$C$4,SSP5_VSI!$D:$D,Results_list!$D9,SSP5_VSI!$B:$B,2025)) -> 0.038729879 | O9: =ROUND(N9-M9,2) -> -0.01
D10: ('ReCiPe Midpoint (H)', 'particulate matter formation', 'PMFP') | F10: PMFP | G10: =((SUMIFS(SSP1_Baseline!E:E,SSP1_Baseline!C:C,Results_list!$C$4,SSP1_Baseline!D:D,Results_list!D10,SSP1_Baseline!B:B,2040)) - (SUMIFS(SSP1_Baseline!E:E,SSP1_Baseline!C:C,Results_list!$C$4,SSP1_Baseline!D:D,Results_list!D10,SSP1_Baseline!B:B,2025))) / (SUMIFS(SSP1_Baseline!E:E,SSP1_Baseline!C:C,Results_list!$C$4,SSP1_Baseline!D:D,Results_list!D10,SSP1_Baseline!B:B,2025)) -> -0.0034870925 | H10: =((SUMIFS(SSP1_VSI!F:F,SSP1_VSI!C:C,Results_list!$C$4,SSP1_VSI!D:D,Results_list!D10,SSP1_VSI!B:B,2040)) - (SUMIFS(SSP1_VSI!F:F,SSP1_VSI!C:C,Results_list!$C$4,SSP1_VSI!D:D,Results_list!D10,SSP1_VSI!B:B,2025))) / (SUMIFS(SSP1_VSI!F:F,SSP1_VSI!C:C,Results_list!$C$4,SSP1_VSI!D:D,Results_list!D10,SSP1_VSI!B:B,2025)) -> -0.96194587 | I10: =ROUND(H10-G10,2) -> -0.96 | J10: =((SUMIFS(SSP2_Baseline!$E:$E,SSP2_Baseline!$C:$C,Results_list!$C$4,SSP2_Baseline!$D:$D,Results_list!$D10,SSP2_Baseline!$B:$B,2040)) - (SUMIFS(SSP2_Baseline!$E:$E,SSP2_Baseline!$C:$C,Results_list!$C$4,SSP2_Baseline!$D:$D,Results_list!$D10,SSP2_Baseline!$B:$B,2025))) / (SUMIFS(SSP2_Baseline!$E:$E,SSP2_Baseline!$C:$C,Results_list!$C$4,SSP2_Baseline!$D:$D,Results_list!$D10,SSP2_Baseline!$B:$B,2025)) -> -0.0036665373 | K10: =((SUMIFS(SSP2_VSI!$F:$F,SSP2_VSI!$C:$C,Results_list!$C$4,SSP2_VSI!$D:$D,Results_list!$D10,SSP2_VSI!$B:$B,2040)) - (SUMIFS(SSP2_VSI!$F:$F,SSP2_VSI!$C:$C,Results_list!$C$4,SSP2_VSI!$D:$D,Results_list!$D10,SSP2_VSI!$B:$B,2025))) / (SUMIFS(SSP2_VSI!$F:$F,SSP2_VSI!$C:$C,Results_list!$C$4,SSP2_VSI!$D:$D,Results_list!$D10,SSP2_VSI!$B:$B,2025)) -> -0.96246239 | L10: =ROUND(K10-J10,2) -> -0.96 | M10: =((SUMIFS(SSP5_Baseline!$E:$E,SSP5_Baseline!$C:$C,Results_list!$C$4,SSP5_Baseline!$D:$D,Results_list!$D10,SSP5_Baseline!$B:$B,2040)) - (SUMIFS(SSP5_Baseline!$E:$E,SSP5_Baseline!$C:$C,Results_list!$C$4,SSP5_Baseline!$D:$D,Results_list!$D10,SSP5_Baseline!$B:$B,2025))) / (SUMIFS(SSP5_Baseline!$E:$E,SSP5_Baseline!$C:$C,Results_list!$C$4,SSP5_Baseline!$D:$D,Results_list!$D10,SSP5_Baseline!$B:$B,2025)) -> -0.0039762497 | N10: =((SUMIFS(SSP5_VSI!$F:$F,SSP5_VSI!$C:$C,Results_list!$C$4,SSP5_VSI!$D:$D,Results_list!$D10,SSP5_VSI!$B:$B,2040)) - (SUMIFS(SSP5_VSI!$F:$F,SSP5_VSI!$C:$C,Results_list!$C$4,SSP5_VSI!$D:$D,Results_list!$D10,SSP5_VSI!$B:$B,2025))) / (SUMIFS(SSP5_VSI!$F:$F,SSP5_VSI!$C:$C,Results_list!$C$4,SSP5_VSI!$D:$D,Results_list!$D10,SSP5_VSI!$B:$B,2025)) -> -0.9586254 | O10: =ROUND(N10-M10,2) -> -0.95
D11: ('ReCiPe Midpoint (H)', 'agricultural land occupation', 'ALOP') | F11: ALOP | G11: =((SUMIFS(SSP1_Baseline!E:E,SSP1_Baseline!C:C,Results_list!$C$4,SSP1_Baseline!D:D,Results_list!D11,SSP1_Baseline!B:B,2040)) - (SUMIFS(SSP1_Baseline!E:E,SSP1_Baseline!C:C,Results_list!$C$4,SSP1_Baseline!D:D,Results_list!D11,SSP1_Baseline!B:B,2025))) / (SUMIFS(SSP1_Baseline!E:E,SSP1_Baseline!C:C,Results_list!$C$4,SSP1_Baseline!D:D,Results_list!D11,SSP1_Baseline!B:B,2025)) -> 0.65037748 | H11: =((SUMIFS(SSP1_VSI!F:F,SSP1_VSI!C:C,Results_list!$C$4,SSP1_VSI!D:D,Results_list!D11,SSP1_VSI!B:B,2040)) - (SUMIFS(SSP1_VSI!F:F,SSP1_VSI!C:C,Results_list!$C$4,SSP1_VSI!D:D,Results_list!D11,SSP1_VSI!B:B,2025))) / (SUMIFS(SSP1_VSI!F:F,SSP1_VSI!C:C,Results_list!$C$4,SSP1_VSI!D:D,Results_list!D11,SSP1_VSI!B:B,2025)) -> 0.65044171 | I11: =ROUND(H11-G11,2) -> 0 | J11: =((SUMIFS(SSP2_Baseline!$E:$E,SSP2_Baseline!$C:$C,Results_list!$C$4,SSP2_Baseline!$D:$D,Results_list!$D11,SSP2_Baseline!$B:$B,2040)) - (SUMIFS(SSP2_Baseline!$E:$E,SSP2_Baseline!$C:$C,Results_list!$C$4,SSP2_Baseline!$D:$D,Results_list!$D11,SSP2_Baseline!$B:$B,2025))) / (SUMIFS(SSP2_Baseline!$E:$E,SSP2_Baseline!$C:$C,Results_list!$C$4,SSP2_Baseline!$D:$D,Results_list!$D11,SSP2_Baseline!$B:$B,2025)) -> 0.58893618 | K11: =((SUMIFS(SSP2_VSI!$F:$F,SSP2_VSI!$C:$C,Results_list!$C$4,SSP2_VSI!$D:$D,Results_list!$D11,SSP2_VSI!$B:$B,2040)) - (SUMIFS(SSP2_VSI!$F:$F,SSP2_VSI!$C:$C,Results_list!$C$4,SSP2_VSI!$D:$D,Results_list!$D11,SSP2_VSI!$B:$B,2025))) / (SUMIFS(SSP2_VSI!$F:$F,SSP2_VSI!$C:$C,Results_list!$C$4,SSP2_VSI!$D:$D,Results_list!$D11,SSP2_VSI!$B:$B,2025)) -> 0.58869787 | L11: =ROUND(K11-J11,2) -> 0 | M11: =((SUMIFS(SSP5_Baseline!$E:$E,SSP5_Baseline!$C:$C,Results_list!$C$4,SSP5_Baseline!$D:$D,Results_list!$D11,SSP5_Baseline!$B:$B,2040)) - (SUMIFS(SSP5_Baseline!$E:$E,SSP5_Baseline!$C:$C,Results_list!$C$4,SSP5_Baseline!$D:$D,Results_list!$D11,SSP5_Baseline!$B:$B,2025))) / (SUMIFS(SSP5_Baseline!$E:$E,SSP5_Baseline!$C:$C,Results_list!$C$4,SSP5_Baseline!$D:$D,Results_list!$D11,SSP5_Baseline!$B:$B,2025)) -> 0.40918275 | N11: =((SUMIFS(SSP5_VSI!$F:$F,SSP5_VSI!$C:$C,Results_list!$C$4,SSP5_VSI!$D:$D,Results_list!$D11,SSP5_VSI!$B:$B,2040)) - (SUMIFS(SSP5_VSI!$F:$F,SSP5_VSI!$C:$C,Results_list!$C$4,SSP5_VSI!$D:$D,Results_list!$D11,SSP5_VSI!$B:$B,2025))) / (SUMIFS(SSP5_VSI!$F:$F,SSP5_VSI!$C:$C,Results_list!$C$4,SSP5_VSI!$D:$D,Results_list!$D11,SSP5_VSI!$B:$B,2025)) -> 0.40922026 | O11: =ROUND(N11-M11,2) -> 0
D12: ('ReCiPe Midpoint (H)', 'freshwater eutrophication', 'FEP') | F12: FEP | G12: =((SUMIFS(SSP1_Baseline!E:E,SSP1_Baseline!C:C,Results_list!$C$4,SSP1_Baseline!D:D,Results_list!D12,SSP1_Baseline!B:B,2040)) - (SUMIFS(SSP1_Baseline!E:E,SSP1_Baseline!C:C,Results_list!$C$4,SSP1_Baseline!D:D,Results_list!D12,SSP1_Baseline!B:B,2025))) / (SUMIFS(SSP1_Baseline!E:E,SSP1_Baseline!C:C,Results_list!$C$4,SSP1_Baseline!D:D,Results_list!D12,SSP1_Baseline!B:B,2025)) -> -0.23944373 | H12: =((SUMIFS(SSP1_VSI!F:F,SSP1_VSI!C:C,Results_list!$C$4,SSP1_VSI!D:D,Results_list!D12,SSP1_VSI!B:B,2040)) - (SUMIFS(SSP1_VSI!F:F,SSP1_VSI!C:C,Results_list!$C$4,SSP1_VSI!D:D,Results_list!D12,SSP1_VSI!B:B,2025))) / (SUMIFS(SSP1_VSI!F:F,SSP1_VSI!C:C,Results_list!$C$4,SSP1_VSI!D:D,Results_list!D12,SSP1_VSI!B:B,2025)) -> -0.23941733 | I12: =ROUND(H12-G12,2) -> 0 | J12: =((SUMIFS(SSP2_Baseline!$E:$E,SSP2_Baseline!$C:$C,Results_list!$C$4,SSP2_Baseline!$D:$D,Results_list!$D12,SSP2_Baseline!$B:$B,2040)) - (SUMIFS(SSP2_Baseline!$E:$E,SSP2_Baseline!$C:$C,Results_list!$C$4,SSP2_Baseline!$D:$D,Results_list!$D12,SSP2_Baseline!$B:$B,2025))) / (SUMIFS(SSP2_Baseline!$E:$E,SSP2_Baseline!$C:$C,Results_list!$C$4,SSP2_Baseline!$D:$D,Results_list!$D12,SSP2_Baseline!$B:$B,2025)) -> -0.24071122 | K12: =((SUMIFS(SSP2_VSI!$F:$F,SSP2_VSI!$C:$C,Results_list!$C$4,SSP2_VSI!$D:$D,Results_list!$D12,SSP2_VSI!$B:$B,2040)) - (SUMIFS(SSP2_VSI!$F:$F,SSP2_VSI!$C:$C,Results_list!$C$4,SSP2_VSI!$D:$D,Results_list!$D12,SSP2_VSI!$B:$B,2025))) / (SUMIFS(SSP2_VSI!$F:$F,SSP2_VSI!$C:$C,Results_list!$C$4,SSP2_VSI!$D:$D,Results_list!$D12,SSP2_VSI!$B:$B,2025)) -> -0.24070476 | L12: =ROUND(K12-J12,2) -> 0 | M12: =((SUMIFS(SSP5_Baseline!$E:$E,SSP5_Baseline!$C:$C,Results_list!$C$4,SSP5_Baseline!$D:$D,Results_list!$D12,SSP5_Baseline!$B:$B,2040)) - (SUMIFS(SSP5_Baseline!$E:$E,SSP5_Baseline!$C:$C,Results_list!$C$4,SSP5_Baseline!$D:$D,Results_list!$D12,SSP5_Baseline!$B:$B,2025))) / (SUMIFS(SSP5_Baseline!$E:$E,SSP5_Baseline!$C:$C,Results_list!$C$4,SSP5_Baseline!$D:$D,Results_list!$D12,SSP5_Baseline!$B:$B,2025)) -> -0.15345199 | N12: =((SUMIFS(SSP5_VSI!$F:$F,SSP5_VSI!$C:$C,Results_list!$C$4,SSP5_VSI!$D:$D,Results_list!$D12,SSP5_VSI!$B:$B,2040)) - (SUMIFS(SSP5_VSI!$F:$F,SSP5_VSI!$C:$C,Results_list!$C$4,SSP5_VSI!$D:$D,Results_list!$D12,SSP5_VSI!$B:$B,2025))) / (SUMIFS(SSP5_VSI!$F:$F,SSP5_VSI!$C:$C,Results_list!$C$4,SSP5_VSI!$D:$D,Results_list!$D12,SSP5_VSI!$B:$B,2025)) -> -0.15335376 | O12: =ROUND(N12-M12,2) -> 0
D13: ('ReCiPe Midpoint (H)', 'metal depletion', 'MDP') | F13: MDP | G13: =((SUMIFS(SSP1_Baseline!E:E,SSP1_Baseline!C:C,Results_list!$C$4,SSP1_Baseline!D:D,Results_list!D13,SSP1_Baseline!B:B,2040)) - (SUMIFS(SSP1_Baseline!E:E,SSP1_Baseline!C:C,Results_list!$C$4,SSP1_Baseline!D:D,Results_list!D13,SSP1_Baseline!B:B,2025))) / (SUMIFS(SSP1_Baseline!E:E,SSP1_Baseline!C:C,Results_list!$C$4,SSP1_Baseline!D:D,Results_list!D13,SSP1_Baseline!B:B,2025)) -> 0.0001834886 | H13: =((SUMIFS(SSP1_VSI!F:F,SSP1_VSI!C:C,Results_list!$C$4,SSP1_VSI!D:D,Results_list!D13,SSP1_VSI!B:B,2040)) - (SUMIFS(SSP1_VSI!F:F,SSP1_VSI!C:C,Results_list!$C$4,SSP1_VSI!D:D,Results_list!D13,SSP1_VSI!B:B,2025))) / (SUMIFS(SSP1_VSI!F:F,SSP1_VSI!C:C,Results_list!$C$4,SSP1_VSI!D:D,Results_list!D13,SSP1_VSI!B:B,2025)) -> 0.00018356159 | I13: =ROUND(H13-G13,2) -> 0 | J13: =((SUMIFS(SSP2_Baseline!$E:$E,SSP2_Baseline!$C:$C,Results_list!$C$4,SSP2_Baseline!$D:$D,Results_list!$D13,SSP2_Baseline!$B:$B,2040)) - (SUMIFS(SSP2_Baseline!$E:$E,SSP2_Baseline!$C:$C,Results_list!$C$4,SSP2_Baseline!$D:$D,Results_list!$D13,SSP2_Baseline!$B:$B,2025))) / (SUMIFS(SSP2_Baseline!$E:$E,SSP2_Baseline!$C:$C,Results_list!$C$4,SSP2_Baseline!$D:$D,Results_list!$D13,SSP2_Baseline!$B:$B,2025)) -> 0.00011073193 | K13: =((SUMIFS(SSP2_VSI!$F:$F,SSP2_VSI!$C:$C,Results_list!$C$4,SSP2_VSI!$D:$D,Results_list!$D13,SSP2_VSI!$B:$B,2040)) - (SUMIFS(SSP2_VSI!$F:$F,SSP2_VSI!$C:$C,Results_list!$C$4,SSP2_VSI!$D:$D,Results_list!$D13,SSP2_VSI!$B:$B,2025))) / (SUMIFS(SSP2_VSI!$F:$F,SSP2_VSI!$C:$C,Results_list!$C$4,SSP2_VSI!$D:$D,Results_list!$D13,SSP2_VSI!$B:$B,2025)) -> 0.00011065093 | L13: =ROUND(K13-J13,2) -> 0 | M13: =((SUMIFS(SSP5_Baseline!$E:$E,SSP5_Baseline!$C:$C,Results_list!$C$4,SSP5_Baseline!$D:$D,Results_list!$D13,SSP5_Baseline!$B:$B,2040)) - (SUMIFS(SSP5_Baseline!$E:$E,SSP5_Baseline!$C:$C,Results_list!$C$4,SSP5_Baseline!$D:$D,Results_list!$D13,SSP5_Baseline!$B:$B,2025))) / (SUMIFS(SSP5_Baseline!$E:$E,SSP5_Baseline!$C:$C,Results_list!$C$4,SSP5_Baseline!$D:$D,Results_list!$D13,SSP5_Baseline!$B:$B,2025)) -> 0.00043000304 | N13: =((SUMIFS(SSP5_VSI!$F:$F,SSP5_VSI!$C:$C,Results_list!$C$4,SSP5_VSI!$D:$D,Results_list!$D13,SSP5_VSI!$B:$B,2040)) - (SUMIFS(SSP5_VSI!$F:$F,SSP5_VSI!$C:$C,Results_list!$C$4,SSP5_VSI!$D:$D,Results_list!$D13,SSP5_VSI!$B:$B,2025))) / (SUMIFS(SSP5_VSI!$F:$F,SSP5_VSI!$C:$C,Results_list!$C$4,SSP5_VSI!$D:$D,Results_list!$D13,SSP5_VSI!$B:$B,2025)) -> 0.0004301234 | O13: =ROUND(N13-M13,2) -> 0
D14: ('ReCiPe Midpoint (H)', 'terrestrial acidification', 'TAP100') | F14: TAP100 | G14: =((SUMIFS(SSP1_Baseline!E:E,SSP1_Baseline!C:C,Results_list!$C$4,SSP1_Baseline!D:D,Results_list!D14,SSP1_Baseline!B:B,2040)) - (SUMIFS(SSP1_Baseline!E:E,SSP1_Baseline!C:C,Results_list!$C$4,SSP1_Baseline!D:D,Results_list!D14,SSP1_Baseline!B:B,2025))) / (SUMIFS(SSP1_Baseline!E:E,SSP1_Baseline!C:C,Results_list!$C$4,SSP1_Baseline!D:D,Results_list!D14,SSP1_Baseline!B:B,2025)) -> -0.001703269 | H14: =((SUMIFS(SSP1_VSI!F:F,SSP1_VSI!C:C,Results_list!$C$4,SSP1_VSI!D:D,Results_list!D14,SSP1_VSI!B:B,2040)) - (SUMIFS(SSP1_VSI!F:F,SSP1_VSI!C:C,Results_list!$C$4,SSP1_VSI!D:D,Results_list!D14,SSP1_VSI!B:B,2025))) / (SUMIFS(SSP1_VSI!F:F,SSP1_VSI!C:C,Results_list!$C$4,SSP1_VSI!D:D,Results_list!D14,SSP1_VSI!B:B,2025)) -> -0.96570456 | I14: =ROUND(H14-G14,2) -> -0.96 | J14: =((SUMIFS(SSP2_Baseline!$E:$E,SSP2_Baseline!$C:$C,Results_list!$C$4,SSP2_Baseline!$D:$D,Results_list!$D14,SSP2_Baseline!$B:$B,2040)) - (SUMIFS(SSP2_Baseline!$E:$E,SSP2_Baseline!$C:$C,Results_list!$C$4,SSP2_Baseline!$D:$D,Results_list!$D14,SSP2_Baseline!$B:$B,2025))) / (SUMIFS(SSP2_Baseline!$E:$E,SSP2_Baseline!$C:$C,Results_list!$C$4,SSP2_Baseline!$D:$D,Results_list!$D14,SSP2_Baseline!$B:$B,2025)) -> -0.0017687554 | K14: =((SUMIFS(SSP2_VSI!$F:$F,SSP2_VSI!$C:$C,Results_list!$C$4,SSP2_VSI!$D:$D,Results_list!$D14,SSP2_VSI!$B:$B,2040)) - (SUMIFS(SSP2_VSI!$F:$F,SSP2_VSI!$C:$C,Results_list!$C$4,SSP2_VSI!$D:$D,Results_list!$D14,SSP2_VSI!$B:$B,2025))) / (SUMIFS(SSP2_VSI!$F:$F,SSP2_VSI!$C:$C,Results_list!$C$4,SSP2_VSI!$D:$D,Results_list!$D14,SSP2_VSI!$B:$B,2025)) -> -0.96597336 | L14: =ROUND(K14-J14,2) -> -0.96 | M14: =((SUMIFS(SSP5_Baseline!$E:$E,SSP5_Baseline!$C:$C,Results_list!$C$4,SSP5_Baseline!$D:$D,Results_list!$D14,SSP5_Baseline!$B:$B,2040)) - (SUMIFS(SSP5_Baseline!$E:$E,SSP5_Baseline!$C:$C,Results_list!$C$4,SSP5_Baseline!$D:$D,Results_list!$D14,SSP5_Baseline!$B:$B,2025))) / (SUMIFS(SSP5_Baseline!$E:$E,SSP5_Baseline!$C:$C,Results_list!$C$4,SSP5_Baseline!$D:$D,Results_list!$D14,SSP5_Baseline!$B:$B,2025)) -> -0.0019166264 | N14: =((SUMIFS(SSP5_VSI!$F:$F,SSP5_VSI!$C:$C,Results_list!$C$4,SSP5_VSI!$D:$D,Results_list!$D14,SSP5_VSI!$B:$B,2040)) - (SUMIFS(SSP5_VSI!$F:$F,SSP5_VSI!$C:$C,Results_list!$C$4,SSP5_VSI!$D:$D,Results_list!$D14,SSP5_VSI!$B:$B,2025))) / (SUMIFS(SSP5_VSI!$F:$F,SSP5_VSI!$C:$C,Results_list!$C$4,SSP5_VSI!$D:$D,Results_list!$D14,SSP5_VSI!$B:$B,2025)) -> -0.96413826 | O14: =ROUND(N14-M14,2) -> -0.96
D15: ('ReCiPe Midpoint (H)', 'water depletion', 'WDP') | F15: WDP | G15: =((SUMIFS(SSP1_Baseline!E:E,SSP1_Baseline!C:C,Results_list!$C$4,SSP1_Baseline!D:D,Results_list!D15,SSP1_Baseline!B:B,2040)) - (SUMIFS(SSP1_Baseline!E:E,SSP1_Baseline!C:C,Results_list!$C$4,SSP1_Baseline!D:D,Results_list!D15,SSP1_Baseline!B:B,2025))) / (SUMIFS(SSP1_Baseline!E:E,SSP1_Baseline!C:C,Results_list!$C$4,SSP1_Baseline!D:D,Results_list!D15,SSP1_Baseline!B:B,2025)) -> -0.019804362 | H15: =((SUMIFS(SSP1_VSI!F:F,SSP1_VSI!C:C,Results_list!$C$4,SSP1_VSI!D:D,Results_list!D15,SSP1_VSI!B:B,2040)) - (SUMIFS(SSP1_VSI!F:F,SSP1_VSI!C:C,Results_list!$C$4,SSP1_VSI!D:D,Results_list!D15,SSP1_VSI!B:B,2025))) / (SUMIFS(SSP1_VSI!F:F,SSP1_VSI!C:C,Results_list!$C$4,SSP1_VSI!D:D,Results_list!D15,SSP1_VSI!B:B,2025)) -> -0.019802941 | I15: =ROUND(H15-G15,2) -> 0 | J15: =((SUMIFS(SSP2_Baseline!$E:$E,SSP2_Baseline!$C:$C,Results_list!$C$4,SSP2_Baseline!$D:$D,Results_list!$D15,SSP2_Baseline!$B:$B,2040)) - (SUMIFS(SSP2_Baseline!$E:$E,SSP2_Baseline!$C:$C,Results_list!$C$4,SSP2_Baseline!$D:$D,Results_list!$D15,SSP2_Baseline!$B:$B,2025))) / (SUMIFS(SSP2_Baseline!$E:$E,SSP2_Baseline!$C:$C,Results_list!$C$4,SSP2_Baseline!$D:$D,Results_list!$D15,SSP2_Baseline!$B:$B,2025)) -> -0.0038794792 | K15: =((SUMIFS(SSP2_VSI!$F:$F,SSP2_VSI!$C:$C,Results_list!$C$4,SSP2_VSI!$D:$D,Results_list!$D15,SSP2_VSI!$B:$B,2040)) - (SUMIFS(SSP2_VSI!$F:$F,SSP2_VSI!$C:$C,Results_list!$C$4,SSP2_VSI!$D:$D,Results_list!$D15,SSP2_VSI!$B:$B,2025))) / (SUMIFS(SSP2_VSI!$F:$F,SSP2_VSI!$C:$C,Results_list!$C$4,SSP2_VSI!$D:$D,Results_list!$D15,SSP2_VSI!$B:$B,2025)) -> -0.0038817102 | L15: =ROUND(K15-J15,2) -> 0 | M15: =((SUMIFS(SSP5_Baseline!$E:$E,SSP5_Baseline!$C:$C,Results_list!$C$4,SSP5_Baseline!$D:$D,Results_list!$D15,SSP5_Baseline!$B:$B,2040)) - (SUMIFS(SSP5_Baseline!$E:$E,SSP5_Baseline!$C:$C,Results_list!$C$4,SSP5_Baseline!$D:$D,Results_list!$D15,SSP5_Baseline!$B:$B,2025))) / (SUMIFS(SSP5_Baseline!$E:$E,SSP5_Baseline!$C:$C,Results_list!$C$4,SSP5_Baseline!$D:$D,Results_list!$D15,SSP5_Baseline!$B:$B,2025)) -> 0.0089564452 | N15: =((SUMIFS(SSP5_VSI!$F:$F,SSP5_VSI!$C:$C,Results_list!$C$4,SSP5_VSI!$D:$D,Results_list!$D15,SSP5_VSI!$B:$B,2040)) - (SUMIFS(SSP5_VSI!$F:$F,SSP5_VSI!$C:$C,Results_list!$C$4,SSP5_VSI!$D:$D,Results_list!$D15,SSP5_VSI!$B:$B,2025))) / (SUMIFS(SSP5_VSI!$F:$F,SSP5_VSI!$C:$C,Results_list!$C$4,SSP5_VSI!$D:$D,Results_list!$D15,SSP5_VSI!$B:$B,2025)) -> 0.0089589037 | O15: =ROUND(N15-M15,2) -> 0
D16: ('ReCiPe Midpoint (H)', 'urban land occupation', 'ULOP') | F16: ULOP | G16: =((SUMIFS(SSP1_Baseline!E:E,SSP1_Baseline!C:C,Results_list!$C$4,SSP1_Baseline!D:D,Results_list!D16,SSP1_Baseline!B:B,2040)) - (SUMIFS(SSP1_Baseline!E:E,SSP1_Baseline!C:C,Results_list!$C$4,SSP1_Baseline!D:D,Results_list!D16,SSP1_Baseline!B:B,2025))) / (SUMIFS(SSP1_Baseline!E:E,SSP1_Baseline!C:C,Results_list!$C$4,SSP1_Baseline!D:D,Results_list!D16,SSP1_Baseline!B:B,2025)) -> -0.010297453 | H16: =((SUMIFS(SSP1_VSI!F:F,SSP1_VSI!C:C,Results_list!$C$4,SSP1_VSI!D:D,Results_list!D16,SSP1_VSI!B:B,2040)) - (SUMIFS(SSP1_VSI!F:F,SSP1_VSI!C:C,Results_list!$C$4,SSP1_VSI!D:D,Results_list!D16,SSP1_VSI!B:B,2025))) / (SUMIFS(SSP1_VSI!F:F,SSP1_VSI!C:C,Results_list!$C$4,SSP1_VSI!D:D,Results_list!D16,SSP1_VSI!B:B,2025)) -> -0.010305499 | I16: =ROUND(H16-G16,2) -> 0 | J16: =((SUMIFS(SSP2_Baseline!$E:$E,SSP2_Baseline!$C:$C,Results_list!$C$4,SSP2_Baseline!$D:$D,Results_list!$D16,SSP2_Baseline!$B:$B,2040)) - (SUMIFS(SSP2_Baseline!$E:$E,SSP2_Baseline!$C:$C,Results_list!$C$4,SSP2_Baseline!$D:$D,Results_list!$D16,SSP2_Baseline!$B:$B,2025))) / (SUMIFS(SSP2_Baseline!$E:$E,SSP2_Baseline!$C:$C,Results_list!$C$4,SSP2_Baseline!$D:$D,Results_list!$D16,SSP2_Baseline!$B:$B,2025)) -> -0.010039134 | K16: =((SUMIFS(SSP2_VSI!$F:$F,SSP2_VSI!$C:$C,Results_list!$C$4,SSP2_VSI!$D:$D,Results_list!$D16,SSP2_VSI!$B:$B,2040)) - (SUMIFS(SSP2_VSI!$F:$F,SSP2_VSI!$C:$C,Results_list!$C$4,SSP2_VSI!$D:$D,Results_list!$D16,SSP2_VSI!$B:$B,2025))) / (SUMIFS(SSP2_VSI!$F:$F,SSP2_VSI!$C:$C,Results_list!$C$4,SSP2_VSI!$D:$D,Results_list!$D16,SSP2_VSI!$B:$B,2025)) -> -0.010196007 | L16: =ROUND(K16-J16,2) -> 0 | M16: =((SUMIFS(SSP5_Baseline!$E:$E,SSP5_Baseline!$C:$C,Results_list!$C$4,SSP5_Baseline!$D:$D,Results_list!$D16,SSP5_Baseline!$B:$B,2040)) - (SUMIFS(SSP5_Baseline!$E:$E,SSP5_Baseline!$C:$C,Results_list!$C$4,SSP5_Baseline!$D:$D,Results_list!$D16,SSP5_Baseline!$B:$B,2025))) / (SUMIFS(SSP5_Baseline!$E:$E,SSP5_Baseline!$C:$C,Results_list!$C$4,SSP5_Baseline!$D:$D,Results_list!$D16,SSP5_Baseline!$B:$B,2025)) -> -0.032423093 | N16: =((SUMIFS(SSP5_VSI!$F:$F,SSP5_VSI!$C:$C,Results_list!$C$4,SSP5_VSI!$D:$D,Results_list!$D16,SSP5_VSI!$B:$B,2040)) - (SUMIFS(SSP5_VSI!$F:$F,SSP5_VSI!$C:$C,Results_list!$C$4,SSP5_VSI!$D:$D,Results_list!$D16,SSP5_VSI!$B:$B,2025))) / (SUMIFS(SSP5_VSI!$F:$F,SSP5_VSI!$C:$C,Results_list!$C$4,SSP5_VSI!$D:$D,Results_list!$D16,SSP5_VSI!$B:$B,2025)) -> -0.032373522 | O16: =ROUND(N16-M16,2) -> 0
... D21: ('ReCiPe Midpoint (H)', 'ozone depletion', 'ODPinf') | F21: ODPinf | G21: =((SUMIFS(SSP1_Baseline!E:E,SSP1_Baseline!C:C,Results_list!$C$4,SSP1_Baseline!D:D,Results_list!D21,SSP1_Baseline!B:B,2040)) - (SUMIFS(SSP1_Baseline!E:E,SSP1_Baseline!C:C,Results_list!$C$4,SSP1_Baseline!D:D,Results_list!D21,SSP1_Baseline!B:B,2025))) / (SUMIFS(SSP1_Baseline!E:E,SSP1_Baseline!C:C,Results_list!$C$4,SSP1_Baseline!D:D,Results_list!D21,SSP1_Baseline!B:B,2025)) -> 0.070987285 | H21: =((SUMIFS(SSP1_VSI!F:F,SSP1_VSI!C:C,Results_list!$C$4,SSP1_VSI!D:D,Results_list!D21,SSP1_VSI!B:B,2040)) - (SUMIFS(SSP1_VSI!F:F,SSP1_VSI!C:C,Results_list!$C$4,SSP1_VSI!D:D,Results_list!D21,SSP1_VSI!B:B,2025))) / (SUMIFS(SSP1_VSI!F:F,SSP1_VSI!C:C,Results_list!$C$4,SSP1_VSI!D:D,Results_list!D21,SSP1_VSI!B:B,2025)) -> 0.071002535 | I21: =ROUND(H21-G21,2) -> 0 | J21: =((SUMIFS(SSP2_Baseline!$E:$E,SSP2_Baseline!$C:$C,Results_list!$C$4,SSP2_Baseline!$D:$D,Results_list!$D21,SSP2_Baseline!$B:$B,2040)) - (SUMIFS(SSP2_Baseline!$E:$E,SSP2_Baseline!$C:$C,Results_list!$C$4,SSP2_Baseline!$D:$D,Results_list!$D21,SSP2_Baseline!$B:$B,2025))) / (SUMIFS(SSP2_Baseline!$E:$E,SSP2_Baseline!$C:$C,Results_list!$C$4,SSP2_Baseline!$D:$D,Results_list!$D21,SSP2_Baseline!$B:$B,2025)) -> 0.076996891 | K21: =((SUMIFS(SSP2_VSI!$F:$F,SSP2_VSI!$C:$C,Results_list!$C$4,SSP2_VSI!$D:$D,Results_list!$D21,SSP2_VSI!$B:$B,2040)) - (SUMIFS(SSP2_VSI!$F:$F,SSP2_VSI!$C:$C,Results_list!$C$4,SSP2_VSI!$D:$D,Results_list!$D21,SSP2_VSI!$B:$B,2025))) / (SUMIFS(SSP2_VSI!$F:$F,SSP2_VSI!$C:$C,Results_list!$C$4,SSP2_VSI!$D:$D,Results_list!$D21,SSP2_VSI!$B:$B,2025)) -> 0.076965899 | L21: =ROUND(K21-J21,2) -> 0 | M21: =((SUMIFS(SSP5_Baseline!$E:$E,SSP5_Baseline!$C:$C,Results_list!$C$4,SSP5_Baseline!$D:$D,Results_list!$D21,SSP5_Baseline!$B:$B,2040)) - (SUMIFS(SSP5_Baseline!$E:$E,SSP5_Baseline!$C:$C,Results_list!$C$4,SSP5_Baseline!$D:$D,Results_list!$D21,SSP5_Baseline!$B:$B,2025))) / (SUMIFS(SSP5_Baseline!$E:$E,SSP5_Baseline!$C:$C,Results_list!$C$4,SSP5_Baseline!$D:$D,Results_list!$D21,SSP5_Baseline!$B:$B,2025)) -> 0.2669958 | N21: =((SUMIFS(SSP5_VSI!$F:$F,SSP5_VSI!$C:$C,Results_list!$C$4,SSP5_VSI!$D:$D,Results_list!$D21,SSP5_VSI!$B:$B,2040)) - (SUMIFS(SSP5_VSI!$F:$F,SSP5_VSI!$C:$C,Results_list!$C$4,SSP5_VSI!$D:$D,Results_list!$D21,SSP5_VSI!$B:$B,2025))) / (SUMIFS(SSP5_VSI!$F:$F,SSP5_VSI!$C:$C,Results_list!$C$4,SSP5_VSI!$D:$D,Results_list!$D21,SSP5_VSI!$B:$B,2025)) -> 0.26705147 | O21: =ROUND(N21-M21,2) -> 0
G23: Scenario
B24: Activity | C24: Activity | D24: Impact Category | F24: Impact Mitigation | G24: SSP1 | H24: SSP1 + VSI | I24: Δ% | J24: SSP2 | K24: SSP2 + VSI | L24: Δ% | M24: SSP5 | N24: SSP5 + VSI | O24: Δ%
B25: platinum group metal, mine and concentration operations (ZA) | C25: platinum group metal, mine and concentration operations | D25: ('ReCiPe Midpoint (H)', 'terrestrial ecotoxicity', 'TETPinf') | F25: TETPinf | G25: =((SUMIFS(SSP1_Baseline!$E:$E,SSP1_Baseline!$C:$C,Results_list!$C$25,SSP1_Baseline!$D:$D,Results_list!$D25,SSP1_Baseline!$B:$B,2040)) - (SUMIFS(SSP1_Baseline!$E:$E,SSP1_Baseline!$C:$C,Results_list!$C$25,SSP1_Baseline!$D:$D,Results_list!$D25,SSP1_Baseline!$B:$B,2025))) / (SUMIFS(SSP1_Baseline!$E:$E,SSP1_Baseline!$C:$C,Results_list!$C$25,SSP1_Baseline!$D:$D,Results_list!$D25,SSP1_Baseline!$B:$B,2025)) -> -0.10860359 | H25: =((SUMIFS(SSP1_VSI!$F:$F,SSP1_VSI!$C:$C,Results_list!$C$25,SSP1_VSI!$D:$D,Results_list!$D25,SSP1_VSI!$B:$B,2040)) - (SUMIFS(SSP1_VSI!$F:$F,SSP1_VSI!$C:$C,Results_list!$C$25,SSP1_VSI!$D:$D,Results_list!$D25,SSP1_VSI!$B:$B,2025))) / (SUMIFS(SSP1_VSI!$F:$F,SSP1_VSI!$C:$C,Results_list!$C$25,SSP1_VSI!$D:$D,Results_list!$D25,SSP1_VSI!$B:$B,2025)) -> -0.13098719 | I25: =ROUND(H25-G25,3) -> -0.022 | J25: =((SUMIFS(SSP2_Baseline!$E:$E,SSP2_Baseline!$C:$C,Results_list!$C$25,SSP2_Baseline!$D:$D,Results_list!$D25,SSP2_Baseline!$B:$B,2040)) - (SUMIFS(SSP2_Baseline!$E:$E,SSP2_Baseline!$C:$C,Results_list!$C$25,SSP2_Baseline!$D:$D,Results_list!$D25,SSP2_Baseline!$B:$B,2025))) / (SUMIFS(SSP2_Baseline!$E:$E,SSP2_Baseline!$C:$C,Results_list!$C$25,SSP2_Baseline!$D:$D,Results_list!$D25,SSP2_Baseline!$B:$B,2025)) -> 0.73496019 | K25: =((SUMIFS(SSP2_VSI!$F:$F,SSP2_VSI!$C:$C,Results_list!$C$25,SSP2_VSI!$D:$D,Results_list!$D25,SSP2_VSI!$B:$B,2040)) - (SUMIFS(SSP2_VSI!$F:$F,SSP2_VSI!$C:$C,Results_list!$C$25,SSP2_VSI!$D:$D,Results_list!$D25,SSP2_VSI!$B:$B,2025))) / (SUMIFS(SSP2_VSI!$F:$F,SSP2_VSI!$C:$C,Results_list!$C$25,SSP2_VSI!$D:$D,Results_list!$D25,SSP2_VSI!$B:$B,2025)) -> 0.65894041 | L25: =ROUND(K25-J25,2) -> -0.08 | M25: =((SUMIFS(SSP5_Baseline!$E:$E,SSP5_Baseline!$C:$C,Results_list!$C$25,SSP5_Baseline!$D:$D,Results_list!$D25,SSP5_Baseline!$B:$B,2040)) - (SUMIFS(SSP5_Baseline!$E:$E,SSP5_Baseline!$C:$C,Results_list!$C$25,SSP5_Baseline!$D:$D,Results_list!$D25,SSP5_Baseline!$B:$B,2025))) / (SUMIFS(SSP5_Baseline!$E:$E,SSP5_Baseline!$C:$C,Results_list!$C$25,SSP5_Baseline!$D:$D,Results_list!$D25,SSP5_Baseline!$B:$B,2025)) -> 1.4199223 | N25: =((SUMIFS(SSP5_VSI!$F:$F,SSP5_VSI!$C:$C,Results_list!$C$25,SSP5_VSI!$D:$D,Results_list!$D25,SSP5_VSI!$B:$B,2040)) - (SUMIFS(SSP5_VSI!$F:$F,SSP5_VSI!$C:$C,Results_list!$C$25,SSP5_VSI!$D:$D,Results_list!$D25,SSP5_VSI!$B:$B,2025))) / (SUMIFS(SSP5_VSI!$F:$F,SSP5_VSI!$C:$C,Results_list!$C$25,SSP5_VSI!$D:$D,Results_list!$D25,SSP5_VSI!$B:$B,2025)) -> 1.3287323 | O25: =ROUND(N25-M25,2) -> -0.09
D26: ('ReCiPe Midpoint (H)', 'natural land transformation', 'NLTP') | F26: NLTP | G26: =((SUMIFS(SSP1_Baseline!$E:$E,SSP1_Baseline!$C:$C,Results_list!$C$25,SSP1_Baseline!$D:$D,Results_list!$D26,SSP1_Baseline!$B:$B,2040)) - (SUMIFS(SSP1_Baseline!$E:$E,SSP1_Baseline!$C:$C,Results_list!$C$25,SSP1_Baseline!$D:$D,Results_list!$D26,SSP1_Baseline!$B:$B,2025))) / (SUMIFS(SSP1_Baseline!$E:$E,SSP1_Baseline!$C:$C,Results_list!$C$25,SSP1_Baseline!$D:$D,Results_list!$D26,SSP1_Baseline!$B:$B,2025)) -> -0.0047633201 | H26: =((SUMIFS(SSP1_VSI!$F:$F,SSP1_VSI!$C:$C,Results_list!$C$25,SSP1_VSI!$D:$D,Results_list!$D26,SSP1_VSI!$B:$B,2040)) - (SUMIFS(SSP1_VSI!$F:$F,SSP1_VSI!$C:$C,Results_list!$C$25,SSP1_VSI!$D:$D,Results_list!$D26,SSP1_VSI!$B:$B,2025))) / (SUMIFS(SSP1_VSI!$F:$F,SSP1_VSI!$C:$C,Results_list!$C$25,SSP1_VSI!$D:$D,Results_list!$D26,SSP1_VSI!$B:$B,2025)) -> -0.0047639341 | I26: =ROUND(H26-G26,3) -> 0 | J26: =((SUMIFS(SSP2_Baseline!$E:$E,SSP2_Baseline!$C:$C,Results_list!$C$25,SSP2_Baseline!$D:$D,Results_list!$D26,SSP2_Baseline!$B:$B,2040)) - (SUMIFS(SSP2_Baseline!$E:$E,SSP2_Baseline!$C:$C,Results_list!$C$25,SSP2_Baseline!$D:$D,Results_list!$D26,SSP2_Baseline!$B:$B,2025))) / (SUMIFS(SSP2_Baseline!$E:$E,SSP2_Baseline!$C:$C,Results_list!$C$25,SSP2_Baseline!$D:$D,Results_list!$D26,SSP2_Baseline!$B:$B,2025)) -> -0.0080161815 | K26: =((SUMIFS(SSP2_VSI!$F:$F,SSP2_VSI!$C:$C,Results_list!$C$25,SSP2_VSI!$D:$D,Results_list!$D26,SSP2_VSI!$B:$B,2040)) - (SUMIFS(SSP2_VSI!$F:$F,SSP2_VSI!$C:$C,Results_list!$C$25,SSP2_VSI!$D:$D,Results_list!$D26,SSP2_VSI!$B:$B,2025))) / (SUMIFS(SSP2_VSI!$F:$F,SSP2_VSI!$C:$C,Results_list!$C$25,SSP2_VSI!$D:$D,Results_list!$D26,SSP2_VSI!$B:$B,2025)) -> -0.0080174421 | L26: =ROUND(K26-J26,2) -> 0 | M26: =((SUMIFS(SSP5_Baseline!$E:$E,SSP5_Baseline!$C:$C,Results_list!$C$25,SSP5_Baseline!$D:$D,Results_list!$D26,SSP5_Baseline!$B:$B,2040)) - (SUMIFS(SSP5_Baseline!$E:$E,SSP5_Baseline!$C:$C,Results_list!$C$25,SSP5_Baseline!$D:$D,Results_list!$D26,SSP5_Baseline!$B:$B,2025))) / (SUMIFS(SSP5_Baseline!$E:$E,SSP5_Baseline!$C:$C,Results_list!$C$25,SSP5_Baseline!$D:$D,Results_list!$D26,SSP5_Baseline!$B:$B,2025)) -> 0.023752316 | N26: =((SUMIFS(SSP5_VSI!$F:$F,SSP5_VSI!$C:$C,Results_list!$C$25,SSP5_VSI!$D:$D,Results_list!$D26,SSP5_VSI!$B:$B,2040)) - (SUMIFS(SSP5_VSI!$F:$F,SSP5_VSI!$C:$C,Results_list!$C$25,SSP5_VSI!$D:$D,Results_list!$D26,SSP5_VSI!$B:$B,2025))) / (SUMIFS(SSP5_VSI!$F:$F,SSP5_VSI!$C:$C,Results_list!$C$25,SSP5_VSI!$D:$D,Results_list!$D26,SSP5_VSI!$B:$B,2025)) -> 0.023750762 | O26: =ROUND(N26-M26,2) -> 0
D27: ('ReCiPe Midpoint (H)', 'photochemical oxidant formation', 'POFP') | F27: POFP | G27: =((SUMIFS(SSP1_Baseline!$E:$E,SSP1_Baseline!$C:$C,Results_list!$C$25,SSP1_Baseline!$D:$D,Results_list!$D27,SSP1_Baseline!$B:$B,2040)) - (SUMIFS(SSP1_Baseline!$E:$E,SSP1_Baseline!$C:$C,Results_list!$C$25,SSP1_Baseline!$D:$D,Results_list!$D27,SSP1_Baseline!$B:$B,2025))) / (SUMIFS(SSP1_Baseline!$E:$E,SSP1_Baseline!$C:$C,Results_list!$C$25,SSP1_Baseline!$D:$D,Results_list!$D27,SSP1_Baseline!$B:$B,2025)) -> -0.024683329 | H27: =((SUMIFS(SSP1_VSI!$F:$F,SSP1_VSI!$C:$C,Results_list!$C$25,SSP1_VSI!$D:$D,Results_list!$D27,SSP1_VSI!$B:$B,2040)) - (SUMIFS(SSP1_VSI!$F:$F,SSP1_VSI!$C:$C,Results_list!$C$25,SSP1_VSI!$D:$D,Results_list!$D27,SSP1_VSI!$B:$B,2025))) / (SUMIFS(SSP1_VSI!$F:$F,SSP1_VSI!$C:$C,Results_list!$C$25,SSP1_VSI!$D:$D,Results_list!$D27,SSP1_VSI!$B:$B,2025)) -> -0.045218979 | I27: =ROUND(H27-G27,3) -> -0.021 | J27: =((SUMIFS(SSP2_Baseline!$E:$E,SSP2_Baseline!$C:$C,Results_list!$C$25,SSP2_Baseline!$D:$D,Results_list!$D27,SSP2_Baseline!$B:$B,2040)) - (SUMIFS(SSP2_Baseline!$E:$E,SSP2_Baseline!$C:$C,Results_list!$C$25,SSP2_Baseline!$D:$D,Results_list!$D27,SSP2_Baseline!$B:$B,2025))) / (SUMIFS(SSP2_Baseline!$E:$E,SSP2_Baseline!$C:$C,Results_list!$C$25,SSP2_Baseline!$D:$D,Results_list!$D27,SSP2_Baseline!$B:$B,2025)) -> -0.024416096 | K27: =((SUMIFS(SSP2_VSI!$F:$F,SSP2_VSI!$C:$C,Results_list!$C$25,SSP2_VSI!$D:$D,Results_list!$D27,SSP2_VSI!$B:$B,2040)) - (SUMIFS(SSP2_VSI!$F:$F,SSP2_VSI!$C:$C,Results_list!$C$25,SSP2_VSI!$D:$D,Results_list!$D27,SSP2_VSI!$B:$B,2025))) / (SUMIFS(SSP2_VSI!$F:$F,SSP2_VSI!$C:$C,Results_list!$C$25,SSP2_VSI!$D:$D,Results_list!$D27,SSP2_VSI!$B:$B,2025)) -> -0.044982421 | L27: =ROUND(K27-J27,2) -> -0.02 | M27: =((SUMIFS(SSP5_Baseline!$E:$E,SSP5_Baseline!$C:$C,Results_list!$C$25,SSP5_Baseline!$D:$D,Results_list!$D27,SSP5_Baseline!$B:$B,2040)) - (SUMIFS(SSP5_Baseline!$E:$E,SSP5_Baseline!$C:$C,Results_list!$C$25,SSP5_Baseline!$D:$D,Results_list!$D27,SSP5_Baseline!$B:$B,2025))) / (SUMIFS(SSP5_Baseline!$E:$E,SSP5_Baseline!$C:$C,Results_list!$C$25,SSP5_Baseline!$D:$D,Results_list!$D27,SSP5_Baseline!$B:$B,2025)) -> -0.013432869 | N27: =((SUMIFS(SSP5_VSI!$F:$F,SSP5_VSI!$C:$C,Results_list!$C$25,SSP5_VSI!$D:$D,Results_list!$D27,SSP5_VSI!$B:$B,2040)) - (SUMIFS(SSP5_VSI!$F:$F,SSP5_VSI!$C:$C,Results_list!$C$25,SSP5_VSI!$D:$D,Results_list!$D27,SSP5_VSI!$B:$B,2025))) / (SUMIFS(SSP5_VSI!$F:$F,SSP5_VSI!$C:$C,Results_list!$C$25,SSP5_VSI!$D:$D,Results_list!$D27,SSP5_VSI!$B:$B,2025)) -> -0.033945285 | O27: =ROUND(N27-M27,2) -> -0.02
D28: ('ReCiPe Midpoint (H)', 'human toxicity', 'HTPinf') | F28: HTPinf | G28: =((SUMIFS(SSP1_Baseline!$E:$E,SSP1_Baseline!$C:$C,Results_list!$C$25,SSP1_Baseline!$D:$D,Results_list!$D28,SSP1_Baseline!$B:$B,2040)) - (SUMIFS(SSP1_Baseline!$E:$E,SSP1_Baseline!$C:$C,Results_list!$C$25,SSP1_Baseline!$D:$D,Results_list!$D28,SSP1_Baseline!$B:$B,2025))) / (SUMIFS(SSP1_Baseline!$E:$E,SSP1_Baseline!$C:$C,Results_list!$C$25,SSP1_Baseline!$D:$D,Results_list!$D28,SSP1_Baseline!$B:$B,2025)) -> -0.014180316 | H28: =((SUMIFS(SSP1_VSI!$F:$F,SSP1_VSI!$C:$C,Results_list!$C$25,SSP1_VSI!$D:$D,Results_list!$D28,SSP1_VSI!$B:$B,2040)) - (SUMIFS(SSP1_VSI!$F:$F,SSP1_VSI!$C:$C,Results_list!$C$25,SSP1_VSI!$D:$D,Results_list!$D28,SSP1_VSI!$B:$B,2025))) / (SUMIFS(SSP1_VSI!$F:$F,SSP1_VSI!$C:$C,Results_list!$C$25,SSP1_VSI!$D:$D,Results_list!$D28,SSP1_VSI!$B:$B,2025)) -> -0.014728101 | I28: =ROUND(H28-G28,3) -> -0.001 | J28: =((SUMIFS(SSP2_Baseline!$E:$E,SSP2_Baseline!$C:$C,Results_list!$C$25,SSP2_Baseline!$D:$D,Results_list!$D28,SSP2_Baseline!$B:$B,2040)) - (SUMIFS(SSP2_Baseline!$E:$E,SSP2_Baseline!$C:$C,Results_list!$C$25,SSP2_Baseline!$D:$D,Results_list!$D28,SSP2_Baseline!$B:$B,2025))) / (SUMIFS(SSP2_Baseline!$E:$E,SSP2_Baseline!$C:$C,Results_list!$C$25,SSP2_Baseline!$D:$D,Results_list!$D28,SSP2_Baseline!$B:$B,2025)) -> -0.012475177 | K28: =((SUMIFS(SSP2_VSI!$F:$F,SSP2_VSI!$C:$C,Results_list!$C$25,SSP2_VSI!$D:$D,Results_list!$D28,SSP2_VSI!$B:$B,2040)) - (SUMIFS(SSP2_VSI!$F:$F,SSP2_VSI!$C:$C,Results_list!$C$25,SSP2_VSI!$D:$D,Results_list!$D28,SSP2_VSI!$B:$B,2025))) / (SUMIFS(SSP2_VSI!$F:$F,SSP2_VSI!$C:$C,Results_list!$C$25,SSP2_VSI!$D:$D,Results_list!$D28,SSP2_VSI!$B:$B,2025)) -> -0.013024051 | L28: =ROUND(K28-J28,2) -> 0 | M28: =((SUMIFS(SSP5_Baseline!$E:$E,SSP5_Baseline!$C:$C,Results_list!$C$25,SSP5_Baseline!$D:$D,Results_list!$D28,SSP5_Baseline!$B:$B,2040)) - (SUMIFS(SSP5_Baseline!$E:$E,SSP5_Baseline!$C:$C,Results_list!$C$25,SSP5_Baseline!$D:$D,Results_list!$D28,SSP5_Baseline!$B:$B,2025))) / (SUMIFS(SSP5_Baseline!$E:$E,SSP5_Baseline!$C:$C,Results_list!$C$25,SSP5_Baseline!$D:$D,Results_list!$D28,SSP5_Baseline!$B:$B,2025)) -> -0.010964581 | N28: =((SUMIFS(SSP5_VSI!$F:$F,SSP5_VSI!$C:$C,Results_list!$C$25,SSP5_VSI!$D:$D,Results_list!$D28,SSP5_VSI!$B:$B,2040)) - (SUMIFS(SSP5_VSI!$F:$F,SSP5_VSI!$C:$C,Results_list!$C$25,SSP5_VSI!$D:$D,Results_list!$D28,SSP5_VSI!$B:$B,2025))) / (SUMIFS(SSP5_VSI!$F:$F,SSP5_VSI!$C:$C,Results_list!$C$25,SSP5_VSI!$D:$D,Results_list!$D28,SSP5_VSI!$B:$B,2025)) -> -0.01151249 | O28: =ROUND(N28-M28,2) -> 0
D29: ('ReCiPe Midpoint (H)', 'marine eutrophication', 'MEP') | F29: MEP | G29: =((SUMIFS(SSP1_Baseline!$E:$E,SSP1_Baseline!$C:$C,Results_list!$C$25,SSP1_Baseline!$D:$D,Results_list!$D29,SSP1_Baseline!$B:$B,2040)) - (SUMIFS(SSP1_Baseline!$E:$E,SSP1_Baseline!$C:$C,Results_list!$C$25,SSP1_Baseline!$D:$D,Results_list!$D29,SSP1_Baseline!$B:$B,2025))) / (SUMIFS(SSP1_Baseline!$E:$E,SSP1_Baseline!$C:$C,Results_list!$C$25,SSP1_Baseline!$D:$D,Results_list!$D29,SSP1_Baseline!$B:$B,2025)) -> -0.027817945 | H29: =((SUMIFS(SSP1_VSI!$F:$F,SSP1_VSI!$C:$C,Results_list!$C$25,SSP1_VSI!$D:$D,Results_list!$D29,SSP1_VSI!$B:$B,2040)) - (SUMIFS(SSP1_VSI!$F:$F,SSP1_VSI!$C:$C,Results_list!$C$25,SSP1_VSI!$D:$D,Results_list!$D29,SSP1_VSI!$B:$B,2025))) / (SUMIFS(SSP1_VSI!$F:$F,SSP1_VSI!$C:$C,Results_list!$C$25,SSP1_VSI!$D:$D,Results_list!$D29,SSP1_VSI!$B:$B,2025)) -> -0.027824782 | I29: =ROUND(H29-G29,3) -> 0 | J29: =((SUMIFS(SSP2_Baseline!$E:$E,SSP2_Baseline!$C:$C,Results_list!$C$25,SSP2_Baseline!$D:$D,Results_list!$D29,SSP2_Baseline!$B:$B,2040)) - (SUMIFS(SSP2_Baseline!$E:$E,SSP2_Baseline!$C:$C,Results_list!$C$25,SSP2_Baseline!$D:$D,Results_list!$D29,SSP2_Baseline!$B:$B,2025))) / (SUMIFS(SSP2_Baseline!$E:$E,SSP2_Baseline!$C:$C,Results_list!$C$25,SSP2_Baseline!$D:$D,Results_list!$D29,SSP2_Baseline!$B:$B,2025)) -> -0.022394488 | K29: =((SUMIFS(SSP2_VSI!$F:$F,SSP2_VSI!$C:$C,Results_list!$C$25,SSP2_VSI!$D:$D,Results_list!$D29,SSP2_VSI!$B:$B,2040)) - (SUMIFS(SSP2_VSI!$F:$F,SSP2_VSI!$C:$C,Results_list!$C$25,SSP2_VSI!$D:$D,Results_list!$D29,SSP2_VSI!$B:$B,2025))) / (SUMIFS(SSP2_VSI!$F:$F,SSP2_VSI!$C:$C,Results_list!$C$25,SSP2_VSI!$D:$D,Results_list!$D29,SSP2_VSI!$B:$B,2025)) -> -0.022399742 | L29: =ROUND(K29-J29,2) -> 0 | M29: =((SUMIFS(SSP5_Baseline!$E:$E,SSP5_Baseline!$C:$C,Results_list!$C$25,SSP5_Baseline!$D:$D,Results_list!$D29,SSP5_Baseline!$B:$B,2040)) - (SUMIFS(SSP5_Baseline!$E:$E,SSP5_Baseline!$C:$C,Results_list!$C$25,SSP5_Baseline!$D:$D,Results_list!$D29,SSP5_Baseline!$B:$B,2025))) / (SUMIFS(SSP5_Baseline!$E:$E,SSP5_Baseline!$C:$C,Results_list!$C$25,SSP5_Baseline!$D:$D,Results_list!$D29,SSP5_Baseline!$B:$B,2025)) -> -0.017013334 | N29: =((SUMIFS(SSP5_VSI!$F:$F,SSP5_VSI!$C:$C,Results_list!$C$25,SSP5_VSI!$D:$D,Results_list!$D29,SSP5_VSI!$B:$B,2040)) - (SUMIFS(SSP5_VSI!$F:$F,SSP5_VSI!$C:$C,Results_list!$C$25,SSP5_VSI!$D:$D,Results_list!$D29,SSP5_VSI!$B:$B,2025))) / (SUMIFS(SSP5_VSI!$F:$F,SSP5_VSI!$C:$C,Results_list!$C$25,SSP5_VSI!$D:$D,Results_list!$D29,SSP5_VSI!$B:$B,2025)) -> -0.017019455 | O29: =ROUND(N29-M29,2) -> 0
D30: ('IPCC 2013', 'climate change', 'GWP 100a, incl. H and bio CO2') | F30: GWP100 | G30: =((SUMIFS(SSP1_Baseline!$E:$E,SSP1_Baseline!$C:$C,Results_list!$C$25,SSP1_Baseline!$D:$D,Results_list!$D30,SSP1_Baseline!$B:$B,2040)) - (SUMIFS(SSP1_Baseline!$E:$E,SSP1_Baseline!$C:$C,Results_list!$C$25,SSP1_Baseline!$D:$D,Results_list!$D30,SSP1_Baseline!$B:$B,2025))) / (SUMIFS(SSP1_Baseline!$E:$E,SSP1_Baseline!$C:$C,Results_list!$C$25,SSP1_Baseline!$D:$D,Results_list!$D30,SSP1_Baseline!$B:$B,2025)) -> -0.33486602 | H30: =((SUMIFS(SSP1_VSI!$F:$F,SSP1_VSI!$C:$C,Results_list!$C$25,SSP1_VSI!$D:$D,Results_list!$D30,SSP1_VSI!$B:$B,2040)) - (SUMIFS(SSP1_VSI!$F:$F,SSP1_VSI!$C:$C,Results_list!$C$25,SSP1_VSI!$D:$D,Results_list!$D30,SSP1_VSI!$B:$B,2025))) / (SUMIFS(SSP1_VSI!$F:$F,SSP1_VSI!$C:$C,Results_list!$C$25,SSP1_VSI!$D:$D,Results_list!$D30,SSP1_VSI!$B:$B,2025)) -> -0.33499478 | I30: =ROUND(H30-G30,3) -> 0 | J30: =((SUMIFS(SSP2_Baseline!$E:$E,SSP2_Baseline!$C:$C,Results_list!$C$25,SSP2_Baseline!$D:$D,Results_list!$D30,SSP2_Baseline!$B:$B,2040)) - (SUMIFS(SSP2_Baseline!$E:$E,SSP2_Baseline!$C:$C,Results_list!$C$25,SSP2_Baseline!$D:$D,Results_list!$D30,SSP2_Baseline!$B:$B,2025))) / (SUMIFS(SSP2_Baseline!$E:$E,SSP2_Baseline!$C:$C,Results_list!$C$25,SSP2_Baseline!$D:$D,Results_list!$D30,SSP2_Baseline!$B:$B,2025)) -> -0.31165002 | K30: =((SUMIFS(SSP2_VSI!$F:$F,SSP2_VSI!$C:$C,Results_list!$C$25,SSP2_VSI!$D:$D,Results_list!$D30,SSP2_VSI!$B:$B,2040)) - (SUMIFS(SSP2_VSI!$F:$F,SSP2_VSI!$C:$C,Results_list!$C$25,SSP2_VSI!$D:$D,Results_list!$D30,SSP2_VSI!$B:$B,2025))) / (SUMIFS(SSP2_VSI!$F:$F,SSP2_VSI!$C:$C,Results_list!$C$25,SSP2_VSI!$D:$D,Results_list!$D30,SSP2_VSI!$B:$B,2025)) -> -0.31175942 | L30: =ROUND(K30-J30,2) -> 0 | M30: =((SUMIFS(SSP5_Baseline!$E:$E,SSP5_Baseline!$C:$C,Results_list!$C$25,SSP5_Baseline!$D:$D,Results_list!$D30,SSP5_Baseline!$B:$B,2040)) - (SUMIFS(SSP5_Baseline!$E:$E,SSP5_Baseline!$C:$C,Results_list!$C$25,SSP5_Baseline!$D:$D,Results_list!$D30,SSP5_Baseline!$B:$B,2025))) / (SUMIFS(SSP5_Baseline!$E:$E,SSP5_Baseline!$C:$C,Results_list!$C$25,SSP5_Baseline!$D:$D,Results_list!$D30,SSP5_Baseline!$B:$B,2025)) -> -0.16350758 | N30: =((SUMIFS(SSP5_VSI!$F:$F,SSP5_VSI!$C:$C,Results_list!$C$25,SSP5_VSI!$D:$D,Results_list!$D30,SSP5_VSI!$B:$B,2040)) - (SUMIFS(SSP5_VSI!$F:$F,SSP5_VSI!$C:$C,Results_list!$C$25,SSP5_VSI!$D:$D,Results_list!$D30,SSP5_VSI!$B:$B,2025))) / (SUMIFS(SSP5_VSI!$F:$F,SSP5_VSI!$C:$C,Results_list!$C$25,SSP5_VSI!$D:$D,Results_list!$D30,SSP5_VSI!$B:$B,2025)) -> -0.1636031 | O30: =ROUND(N30-M30,2) -> 0
D31: ('ReCiPe Midpoint (H)', 'particulate matter formation', 'PMFP') | F31: PMFP | G31: =((SUMIFS(SSP1_Baseline!$E:$E,SSP1_Baseline!$C:$C,Results_list!$C$25,SSP1_Baseline!$D:$D,Results_list!$D31,SSP1_Baseline!$B:$B,2040)) - (SUMIFS(SSP1_Baseline!$E:$E,SSP1_Baseline!$C:$C,Results_list!$C$25,SSP1_Baseline!$D:$D,Results_list!$D31,SSP1_Baseline!$B:$B,2025))) / (SUMIFS(SSP1_Baseline!$E:$E,SSP1_Baseline!$C:$C,Results_list!$C$25,SSP1_Baseline!$D:$D,Results_list!$D31,SSP1_Baseline!$B:$B,2025)) -> -0.063002353 | H31: =((SUMIFS(SSP1_VSI!$F:$F,SSP1_VSI!$C:$C,Results_list!$C$25,SSP1_VSI!$D:$D,Results_list!$D31,SSP1_VSI!$B:$B,2040)) - (SUMIFS(SSP1_VSI!$F:$F,SSP1_VSI!$C:$C,Results_list!$C$25,SSP1_VSI!$D:$D,Results_list!$D31,SSP1_VSI!$B:$B,2025))) / (SUMIFS(SSP1_VSI!$F:$F,SSP1_VSI!$C:$C,Results_list!$C$25,SSP1_VSI!$D:$D,Results_list!$D31,SSP1_VSI!$B:$B,2025)) -> -0.22264269 | I31: =ROUND(H31-G31,3) -> -0.16 | J31: =((SUMIFS(SSP2_Baseline!$E:$E,SSP2_Baseline!$C:$C,Results_list!$C$25,SSP2_Baseline!$D:$D,Results_list!$D31,SSP2_Baseline!$B:$B,2040)) - (SUMIFS(SSP2_Baseline!$E:$E,SSP2_Baseline!$C:$C,Results_list!$C$25,SSP2_Baseline!$D:$D,Results_list!$D31,SSP2_Baseline!$B:$B,2025))) / (SUMIFS(SSP2_Baseline!$E:$E,SSP2_Baseline!$C:$C,Results_list!$C$25,SSP2_Baseline!$D:$D,Results_list!$D31,SSP2_Baseline!$B:$B,2025)) -> -0.059129563 | K31: =((SUMIFS(SSP2_VSI!$F:$F,SSP2_VSI!$C:$C,Results_list!$C$25,SSP2_VSI!$D:$D,Results_list!$D31,SSP2_VSI!$B:$B,2040)) - (SUMIFS(SSP2_VSI!$F:$F,SSP2_VSI!$C:$C,Results_list!$C$25,SSP2_VSI!$D:$D,Results_list!$D31,SSP2_VSI!$B:$B,2025))) / (SUMIFS(SSP2_VSI!$F:$F,SSP2_VSI!$C:$C,Results_list!$C$25,SSP2_VSI!$D:$D,Results_list!$D31,SSP2_VSI!$B:$B,2025)) -> -0.21964499 | L31: =ROUND(K31-J31,2) -> -0.16 | M31: =((SUMIFS(SSP5_Baseline!$E:$E,SSP5_Baseline!$C:$C,Results_list!$C$25,SSP5_Baseline!$D:$D,Results_list!$D31,SSP5_Baseline!$B:$B,2040)) - (SUMIFS(SSP5_Baseline!$E:$E,SSP5_Baseline!$C:$C,Results_list!$C$25,SSP5_Baseline!$D:$D,Results_list!$D31,SSP5_Baseline!$B:$B,2025))) / (SUMIFS(SSP5_Baseline!$E:$E,SSP5_Baseline!$C:$C,Results_list!$C$25,SSP5_Baseline!$D:$D,Results_list!$D31,SSP5_Baseline!$B:$B,2025)) -> -0.052778219 | N31: =((SUMIFS(SSP5_VSI!$F:$F,SSP5_VSI!$C:$C,Results_list!$C$25,SSP5_VSI!$D:$D,Results_list!$D31,SSP5_VSI!$B:$B,2040)) - (SUMIFS(SSP5_VSI!$F:$F,SSP5_VSI!$C:$C,Results_list!$C$25,SSP5_VSI!$D:$D,Results_list!$D31,SSP5_VSI!$B:$B,2025))) / (SUMIFS(SSP5_VSI!$F:$F,SSP5_VSI!$C:$C,Results_list!$C$25,SSP5_VSI!$D:$D,Results_list!$D31,SSP5_VSI!$B:$B,2025)) -> -0.21435442 | O31: =ROUND(N31-M31,2) -> -0.16
D32: ('ReCiPe Midpoint (H)', 'agricultural land occupation', 'ALOP') | F32: ALOP | G32: =((SUMIFS(SSP1_Baseline!$E:$E,SSP1_Baseline!$C:$C,Results_list!$C$25,SSP1_Baseline!$D:$D,Results_list!$D32,SSP1_Baseline!$B:$B,2040)) - (SUMIFS(SSP1_Baseline!$E:$E,SSP1_Baseline!$C:$C,Results_list!$C$25,SSP1_Baseline!$D:$D,Results_list!$D32,SSP1_Baseline!$B:$B,2025))) / (SUMIFS(SSP1_Baseline!$E:$E,SSP1_Baseline!$C:$C,Results_list!$C$25,SSP1_Baseline!$D:$D,Results_list!$D32,SSP1_Baseline!$B:$B,2025)) -> 0.95369198 | H32: =((SUMIFS(SSP1_VSI!$F:$F,SSP1_VSI!$C:$C,Results_list!$C$25,SSP1_VSI!$D:$D,Results_list!$D32,SSP1_VSI!$B:$B,2040)) - (SUMIFS(SSP1_VSI!$F:$F,SSP1_VSI!$C:$C,Results_list!$C$25,SSP1_VSI!$D:$D,Results_list!$D32,SSP1_VSI!$B:$B,2025))) / (SUMIFS(SSP1_VSI!$F:$F,SSP1_VSI!$C:$C,Results_list!$C$25,SSP1_VSI!$D:$D,Results_list!$D32,SSP1_VSI!$B:$B,2025)) -> 0.95369771 | I32: =ROUND(H32-G32,3) -> 0 | J32: =((SUMIFS(SSP2_Baseline!$E:$E,SSP2_Baseline!$C:$C,Results_list!$C$25,SSP2_Baseline!$D:$D,Results_list!$D32,SSP2_Baseline!$B:$B,2040)) - (SUMIFS(SSP2_Baseline!$E:$E,SSP2_Baseline!$C:$C,Results_list!$C$25,SSP2_Baseline!$D:$D,Results_list!$D32,SSP2_Baseline!$B:$B,2025))) / (SUMIFS(SSP2_Baseline!$E:$E,SSP2_Baseline!$C:$C,Results_list!$C$25,SSP2_Baseline!$D:$D,Results_list!$D32,SSP2_Baseline!$B:$B,2025)) -> 1.0588502 | K32: =((SUMIFS(SSP2_VSI!$F:$F,SSP2_VSI!$C:$C,Results_list!$C$25,SSP2_VSI!$D:$D,Results_list!$D32,SSP2_VSI!$B:$B,2040)) - (SUMIFS(SSP2_VSI!$F:$F,SSP2_VSI!$C:$C,Results_list!$C$25,SSP2_VSI!$D:$D,Results_list!$D32,SSP2_VSI!$B:$B,2025))) / (SUMIFS(SSP2_VSI!$F:$F,SSP2_VSI!$C:$C,Results_list!$C$25,SSP2_VSI!$D:$D,Results_list!$D32,SSP2_VSI!$B:$B,2025)) -> 1.0587797 | L32: =ROUND(K32-J32,2) -> 0 | M32: =((SUMIFS(SSP5_Baseline!$E:$E,SSP5_Baseline!$C:$C,Results_list!$C$25,SSP5_Baseline!$D:$D,Results_list!$D32,SSP5_Baseline!$B:$B,2040)) - (SUMIFS(SSP5_Baseline!$E:$E,SSP5_Baseline!$C:$C,Results_list!$C$25,SSP5_Baseline!$D:$D,Results_list!$D32,SSP5_Baseline!$B:$B,2025))) / (SUMIFS(SSP5_Baseline!$E:$E,SSP5_Baseline!$C:$C,Results_list!$C$25,SSP5_Baseline!$D:$D,Results_list!$D32,SSP5_Baseline!$B:$B,2025)) -> 0.78717594 | N32: =((SUMIFS(SSP5_VSI!$F:$F,SSP5_VSI!$C:$C,Results_list!$C$25,SSP5_VSI!$D:$D,Results_list!$D32,SSP5_VSI!$B:$B,2040)) - (SUMIFS(SSP5_VSI!$F:$F,SSP5_VSI!$C:$C,Results_list!$C$25,SSP5_VSI!$D:$D,Results_list!$D32,SSP5_VSI!$B:$B,2025))) / (SUMIFS(SSP5_VSI!$F:$F,SSP5_VSI!$C:$C,Results_list!$C$25,SSP5_VSI!$D:$D,Results_list!$D32,SSP5_VSI!$B:$B,2025)) -> 0.78718275 | O32: =ROUND(N32-M32,2) -> 0
D33: ('ReCiPe Midpoint (H)', 'freshwater eutrophication', 'FEP') | F33: FEP | G33: =((SUMIFS(SSP1_Baseline!$E:$E,SSP1_Baseline!$C:$C,Results_list!$C$25,SSP1_Baseline!$D:$D,Results_list!$D33,SSP1_Baseline!$B:$B,2040)) - (SUMIFS(SSP1_Baseline!$E:$E,SSP1_Baseline!$C:$C,Results_list!$C$25,SSP1_Baseline!$D:$D,Results_list!$D33,SSP1_Baseline!$B:$B,2025))) / (SUMIFS(SSP1_Baseline!$E:$E,SSP1_Baseline!$C:$C,Results_list!$C$25,SSP1_Baseline!$D:$D,Results_list!$D33,SSP1_Baseline!$B:$B,2025)) -> -0.084458413 | H33: =((SUMIFS(SSP1_VSI!$F:$F,SSP1_VSI!$C:$C,Results_list!$C$25,SSP1_VSI!$D:$D,Results_list!$D33,SSP1_VSI!$B:$B,2040)) - (SUMIFS(SSP1_VSI!$F:$F,SSP1_VSI!$C:$C,Results_list!$C$25,SSP1_VSI!$D:$D,Results_list!$D33,SSP1_VSI!$B:$B,2025))) / (SUMIFS(SSP1_VSI!$F:$F,SSP1_VSI!$C:$C,Results_list!$C$25,SSP1_VSI!$D:$D,Results_list!$D33,SSP1_VSI!$B:$B,2025)) -> -0.084454944 | I33: =ROUND(H33-G33,3) -> 0 | J33: =((SUMIFS(SSP2_Baseline!$E:$E,SSP2_Baseline!$C:$C,Results_list!$C$25,SSP2_Baseline!$D:$D,Results_list!$D33,SSP2_Baseline!$B:$B,2040)) - (SUMIFS(SSP2_Baseline!$E:$E,SSP2_Baseline!$C:$C,Results_list!$C$25,SSP2_Baseline!$D:$D,Results_list!$D33,SSP2_Baseline!$B:$B,2025))) / (SUMIFS(SSP2_Baseline!$E:$E,SSP2_Baseline!$C:$C,Results_list!$C$25,SSP2_Baseline!$D:$D,Results_list!$D33,SSP2_Baseline!$B:$B,2025)) -> -0.074806431 | K33: =((SUMIFS(SSP2_VSI!$F:$F,SSP2_VSI!$C:$C,Results_list!$C$25,SSP2_VSI!$D:$D,Results_list!$D33,SSP2_VSI!$B:$B,2040)) - (SUMIFS(SSP2_VSI!$F:$F,SSP2_VSI!$C:$C,Results_list!$C$25,SSP2_VSI!$D:$D,Results_list!$D33,SSP2_VSI!$B:$B,2025))) / (SUMIFS(SSP2_VSI!$F:$F,SSP2_VSI!$C:$C,Results_list!$C$25,SSP2_VSI!$D:$D,Results_list!$D33,SSP2_VSI!$B:$B,2025)) -> -0.074805326 | L33: =ROUND(K33-J33,2) -> 0 | M33: =((SUMIFS(SSP5_Baseline!$E:$E,SSP5_Baseline!$C:$C,Results_list!$C$25,SSP5_Baseline!$D:$D,Results_list!$D33,SSP5_Baseline!$B:$B,2040)) - (SUMIFS(SSP5_Baseline!$E:$E,SSP5_Baseline!$C:$C,Results_list!$C$25,SSP5_Baseline!$D:$D,Results_list!$D33,SSP5_Baseline!$B:$B,2025))) / (SUMIFS(SSP5_Baseline!$E:$E,SSP5_Baseline!$C:$C,Results_list!$C$25,SSP5_Baseline!$D:$D,Results_list!$D33,SSP5_Baseline!$B:$B,2025)) -> -0.062778743 | N33: =((SUMIFS(SSP5_VSI!$F:$F,SSP5_VSI!$C:$C,Results_list!$C$25,SSP5_VSI!$D:$D,Results_list!$D33,SSP5_VSI!$B:$B,2040)) - (SUMIFS(SSP5_VSI!$F:$F,SSP5_VSI!$C:$C,Results_list!$C$25,SSP5_VSI!$D:$D,Results_list!$D33,SSP5_VSI!$B:$B,2025))) / (SUMIFS(SSP5_VSI!$F:$F,SSP5_VSI!$C:$C,Results_list!$C$25,SSP5_VSI!$D:$D,Results_list!$D33,SSP5_VSI!$B:$B,2025)) -> -0.0627621 | O33: =ROUND(N33-M33,2) -> 0
D34: ('ReCiPe Midpoint (H)', 'metal depletion', 'MDP') | F34: MDP | G34: =((SUMIFS(SSP1_Baseline!$E:$E,SSP1_Baseline!$C:$C,Results_list!$C$25,SSP1_Baseline!$D:$D,Results_list!$D34,SSP1_Baseline!$B:$B,2040)) - (SUMIFS(SSP1_Baseline!$E:$E,SSP1_Baseline!$C:$C,Results_list!$C$25,SSP1_Baseline!$D:$D,Results_list!$D34,SSP1_Baseline!$B:$B,2025))) / (SUMIFS(SSP1_Baseline!$E:$E,SSP1_Baseline!$C:$C,Results_list!$C$25,SSP1_Baseline!$D:$D,Results_list!$D34,SSP1_Baseline!$B:$B,2025)) -> 0.00067256081 | H34: =((SUMIFS(SSP1_VSI!$F:$F,SSP1_VSI!$C:$C,Results_list!$C$25,SSP1_VSI!$D:$D,Results_list!$D34,SSP1_VSI!$B:$B,2040)) - (SUMIFS(SSP1_VSI!$F:$F,SSP1_VSI!$C:$C,Results_list!$C$25,SSP1_VSI!$D:$D,Results_list!$D34,SSP1_VSI!$B:$B,2025))) / (SUMIFS(SSP1_VSI!$F:$F,SSP1_VSI!$C:$C,Results_list!$C$25,SSP1_VSI!$D:$D,Results_list!$D34,SSP1_VSI!$B:$B,2025)) -> 0.00067260349 | I34: =ROUND(H34-G34,3) -> 0 | J34: =((SUMIFS(SSP2_Baseline!$E:$E,SSP2_Baseline!$C:$C,Results_list!$C$25,SSP2_Baseline!$D:$D,Results_list!$D34,SSP2_Baseline!$B:$B,2040)) - (SUMIFS(SSP2_Baseline!$E:$E,SSP2_Baseline!$C:$C,Results_list!$C$25,SSP2_Baseline!$D:$D,Results_list!$D34,SSP2_Baseline!$B:$B,2025))) / (SUMIFS(SSP2_Baseline!$E:$E,SSP2_Baseline!$C:$C,Results_list!$C$25,SSP2_Baseline!$D:$D,Results_list!$D34,SSP2_Baseline!$B:$B,2025)) -> 0.00059459826 | K34: =((SUMIFS(SSP2_VSI!$F:$F,SSP2_VSI!$C:$C,Results_list!$C$25,SSP2_VSI!$D:$D,Results_list!$D34,SSP2_VSI!$B:$B,2040)) - (SUMIFS(SSP2_VSI!$F:$F,SSP2_VSI!$C:$C,Results_list!$C$25,SSP2_VSI!$D:$D,Results_list!$D34,SSP2_VSI!$B:$B,2025))) / (SUMIFS(SSP2_VSI!$F:$F,SSP2_VSI!$C:$C,Results_list!$C$25,SSP2_VSI!$D:$D,Results_list!$D34,SSP2_VSI!$B:$B,2025)) -> 0.00059459905 | L34: =ROUND(K34-J34,2) -> 0 | M34: =((SUMIFS(SSP5_Baseline!$E:$E,SSP5_Baseline!$C:$C,Results_list!$C$25,SSP5_Baseline!$D:$D,Results_list!$D34,SSP5_Baseline!$B:$B,2040)) - (SUMIFS(SSP5_Baseline!$E:$E,SSP5_Baseline!$C:$C,Results_list!$C$25,SSP5_Baseline!$D:$D,Results_list!$D34,SSP5_Baseline!$B:$B,2025))) / (SUMIFS(SSP5_Baseline!$E:$E,SSP5_Baseline!$C:$C,Results_list!$C$25,SSP5_Baseline!$D:$D,Results_list!$D34,SSP5_Baseline!$B:$B,2025)) -> 0.00019840485 | N34: =((SUMIFS(SSP5_VSI!$F:$F,SSP5_VSI!$C:$C,Results_list!$C$25,SSP5_VSI!$D:$D,Results_list!$D34,SSP5_VSI!$B:$B,2040)) - (SUMIFS(SSP5_VSI!$F:$F,SSP5_VSI!$C:$C,Results_list!$C$25,SSP5_VSI!$D:$D,Results_list!$D34,SSP5_VSI!$B:$B,2025))) / (SUMIFS(SSP5_VSI!$F:$F,SSP5_VSI!$C:$C,Results_list!$C$25,SSP5_VSI!$D:$D,Results_list!$D34,SSP5_VSI!$B:$B,2025)) -> 0.00019847237 | O34: =ROUND(N34-M34,2) -> 0
D35: ('ReCiPe Midpoint (H)', 'terrestrial acidification', 'TAP100') | F35: TAP100 | G35: =((SUMIFS(SSP1_Baseline!$E:$E,SSP1_Baseline!$C:$C,Results_list!$C$25,SSP1_Baseline!$D:$D,Results_list!$D35,SSP1_Baseline!$B:$B,2040)) - (SUMIFS(SSP1_Baseline!$E:$E,SSP1_Baseline!$C:$C,Results_list!$C$25,SSP1_Baseline!$D:$D,Results_list!$D35,SSP1_Baseline!$B:$B,2025))) / (SUMIFS(SSP1_Baseline!$E:$E,SSP1_Baseline!$C:$C,Results_list!$C$25,SSP1_Baseline!$D:$D,Results_list!$D35,SSP1_Baseline!$B:$B,2025)) -> -0.067062356 | H35: =((SUMIFS(SSP1_VSI!$F:$F,SSP1_VSI!$C:$C,Results_list!$C$25,SSP1_VSI!$D:$D,Results_list!$D35,SSP1_VSI!$B:$B,2040)) - (SUMIFS(SSP1_VSI!$F:$F,SSP1_VSI!$C:$C,Results_list!$C$25,SSP1_VSI!$D:$D,Results_list!$D35,SSP1_VSI!$B:$B,2025))) / (SUMIFS(SSP1_VSI!$F:$F,SSP1_VSI!$C:$C,Results_list!$C$25,SSP1_VSI!$D:$D,Results_list!$D35,SSP1_VSI!$B:$B,2025)) -> -0.28687089 | I35: =ROUND(H35-G35,3) -> -0.22 | J35: =((SUMIFS(SSP2_Baseline!$E:$E,SSP2_Baseline!$C:$C,Results_list!$C$25,SSP2_Baseline!$D:$D,Results_list!$D35,SSP2_Baseline!$B:$B,2040)) - (SUMIFS(SSP2_Baseline!$E:$E,SSP2_Baseline!$C:$C,Results_list!$C$25,SSP2_Baseline!$D:$D,Results_list!$D35,SSP2_Baseline!$B:$B,2025))) / (SUMIFS(SSP2_Baseline!$E:$E,SSP2_Baseline!$C:$C,Results_list!$C$25,SSP2_Baseline!$D:$D,Results_list!$D35,SSP2_Baseline!$B:$B,2025)) -> -0.062316201 | K35: =((SUMIFS(SSP2_VSI!$F:$F,SSP2_VSI!$C:$C,Results_list!$C$25,SSP2_VSI!$D:$D,Results_list!$D35,SSP2_VSI!$B:$B,2040)) - (SUMIFS(SSP2_VSI!$F:$F,SSP2_VSI!$C:$C,Results_list!$C$25,SSP2_VSI!$D:$D,Results_list!$D35,SSP2_VSI!$B:$B,2025))) / (SUMIFS(SSP2_VSI!$F:$F,SSP2_VSI!$C:$C,Results_list!$C$25,SSP2_VSI!$D:$D,Results_list!$D35,SSP2_VSI!$B:$B,2025)) -> -0.28343887 | L35: =ROUND(K35-J35,2) -> -0.22 | M35: =((SUMIFS(SSP5_Baseline!$E:$E,SSP5_Baseline!$C:$C,Results_list!$C$25,SSP5_Baseline!$D:$D,Results_list!$D35,SSP5_Baseline!$B:$B,2040)) - (SUMIFS(SSP5_Baseline!$E:$E,SSP5_Baseline!$C:$C,Results_list!$C$25,SSP5_Baseline!$D:$D,Results_list!$D35,SSP5_Baseline!$B:$B,2025))) / (SUMIFS(SSP5_Baseline!$E:$E,SSP5_Baseline!$C:$C,Results_list!$C$25,SSP5_Baseline!$D:$D,Results_list!$D35,SSP5_Baseline!$B:$B,2025)) -> -0.05813991 | N35: =((SUMIFS(SSP5_VSI!$F:$F,SSP5_VSI!$C:$C,Results_list!$C$25,SSP5_VSI!$D:$D,Results_list!$D35,SSP5_VSI!$B:$B,2040)) - (SUMIFS(SSP5_VSI!$F:$F,SSP5_VSI!$C:$C,Results_list!$C$25,SSP5_VSI!$D:$D,Results_list!$D35,SSP5_VSI!$B:$B,2025))) / (SUMIFS(SSP5_VSI!$F:$F,SSP5_VSI!$C:$C,Results_list!$C$25,SSP5_VSI!$D:$D,Results_list!$D35,SSP5_VSI!$B:$B,2025)) -> -0.28098127 | O35: =ROUND(N35-M35,2) -> -0.22
D36: ('ReCiPe Midpoint (H)', 'water depletion', 'WDP') | F36: WDP | G36: =((SUMIFS(SSP1_Baseline!$E:$E,SSP1_Baseline!$C:$C,Results_list!$C$25,SSP1_Baseline!$D:$D,Results_list!$D36,SSP1_Baseline!$B:$B,2040)) - (SUMIFS(SSP1_Baseline!$E:$E,SSP1_Baseline!$C:$C,Results_list!$C$25,SSP1_Baseline!$D:$D,Results_list!$D36,SSP1_Baseline!$B:$B,2025))) / (SUMIFS(SSP1_Baseline!$E:$E,SSP1_Baseline!$C:$C,Results_list!$C$25,SSP1_Baseline!$D:$D,Results_list!$D36,SSP1_Baseline!$B:$B,2025)) -> -0.043580318 | H36: =((SUMIFS(SSP1_VSI!$F:$F,SSP1_VSI!$C:$C,Results_list!$C$25,SSP1_VSI!$D:$D,Results_list!$D36,SSP1_VSI!$B:$B,2040)) - (SUMIFS(SSP1_VSI!$F:$F,SSP1_VSI!$C:$C,Results_list!$C$25,SSP1_VSI!$D:$D,Results_list!$D36,SSP1_VSI!$B:$B,2025))) / (SUMIFS(SSP1_VSI!$F:$F,SSP1_VSI!$C:$C,Results_list!$C$25,SSP1_VSI!$D:$D,Results_list!$D36,SSP1_VSI!$B:$B,2025)) -> -0.043581196 | I36: =ROUND(H36-G36,3) -> 0 | J36: =((SUMIFS(SSP2_Baseline!$E:$E,SSP2_Baseline!$C:$C,Results_list!$C$25,SSP2_Baseline!$D:$D,Results_list!$D36,SSP2_Baseline!$B:$B,2040)) - (SUMIFS(SSP2_Baseline!$E:$E,SSP2_Baseline!$C:$C,Results_list!$C$25,SSP2_Baseline!$D:$D,Results_list!$D36,SSP2_Baseline!$B:$B,2025))) / (SUMIFS(SSP2_Baseline!$E:$E,SSP2_Baseline!$C:$C,Results_list!$C$25,SSP2_Baseline!$D:$D,Results_list!$D36,SSP2_Baseline!$B:$B,2025)) -> 0.004186325 | K36: =((SUMIFS(SSP2_VSI!$F:$F,SSP2_VSI!$C:$C,Results_list!$C$25,SSP2_VSI!$D:$D,Results_list!$D36,SSP2_VSI!$B:$B,2040)) - (SUMIFS(SSP2_VSI!$F:$F,SSP2_VSI!$C:$C,Results_list!$C$25,SSP2_VSI!$D:$D,Results_list!$D36,SSP2_VSI!$B:$B,2025))) / (SUMIFS(SSP2_VSI!$F:$F,SSP2_VSI!$C:$C,Results_list!$C$25,SSP2_VSI!$D:$D,Results_list!$D36,SSP2_VSI!$B:$B,2025)) -> 0.0041858715 | L36: =ROUND(K36-J36,2) -> 0 | M36: =((SUMIFS(SSP5_Baseline!$E:$E,SSP5_Baseline!$C:$C,Results_list!$C$25,SSP5_Baseline!$D:$D,Results_list!$D36,SSP5_Baseline!$B:$B,2040)) - (SUMIFS(SSP5_Baseline!$E:$E,SSP5_Baseline!$C:$C,Results_list!$C$25,SSP5_Baseline!$D:$D,Results_list!$D36,SSP5_Baseline!$B:$B,2025))) / (SUMIFS(SSP5_Baseline!$E:$E,SSP5_Baseline!$C:$C,Results_list!$C$25,SSP5_Baseline!$D:$D,Results_list!$D36,SSP5_Baseline!$B:$B,2025)) -> 0.035301877 | N36: =((SUMIFS(SSP5_VSI!$F:$F,SSP5_VSI!$C:$C,Results_list!$C$25,SSP5_VSI!$D:$D,Results_list!$D36,SSP5_VSI!$B:$B,2040)) - (SUMIFS(SSP5_VSI!$F:$F,SSP5_VSI!$C:$C,Results_list!$C$25,SSP5_VSI!$D:$D,Results_list!$D36,SSP5_VSI!$B:$B,2025))) / (SUMIFS(SSP5_VSI!$F:$F,SSP5_VSI!$C:$C,Results_list!$C$25,SSP5_VSI!$D:$D,Results_list!$D36,SSP5_VSI!$B:$B,2025)) -> 0.035303796 | O36: =ROUND(N36-M36,2) -> 0
D37: ('ReCiPe Midpoint (H)', 'urban land occupation', 'ULOP') | F37: ULOP | G37: =((SUMIFS(SSP1_Baseline!$E:$E,SSP1_Baseline!$C:$C,Results_list!$C$25,SSP1_Baseline!$D:$D,Results_list!$D37,SSP1_Baseline!$B:$B,2040)) - (SUMIFS(SSP1_Baseline!$E:$E,SSP1_Baseline!$C:$C,Results_list!$C$25,SSP1_Baseline!$D:$D,Results_list!$D37,SSP1_Baseline!$B:$B,2025))) / (SUMIFS(SSP1_Baseline!$E:$E,SSP1_Baseline!$C:$C,Results_list!$C$25,SSP1_Baseline!$D:$D,Results_list!$D37,SSP1_Baseline!$B:$B,2025)) -> 0.029220504 | H37: =((SUMIFS(SSP1_VSI!$F:$F,SSP1_VSI!$C:$C,Results_list!$C$25,SSP1_VSI!$D:$D,Results_list!$D37,SSP1_VSI!$B:$B,2040)) - (SUMIFS(SSP1_VSI!$F:$F,SSP1_VSI!$C:$C,Results_list!$C$25,SSP1_VSI!$D:$D,Results_list!$D37,SSP1_VSI!$B:$B,2025))) / (SUMIFS(SSP1_VSI!$F:$F,SSP1_VSI!$C:$C,Results_list!$C$25,SSP1_VSI!$D:$D,Results_list!$D37,SSP1_VSI!$B:$B,2025)) -> 0.029218342 | I37: =ROUND(H37-G37,3) -> 0 | J37: =((SUMIFS(SSP2_Baseline!$E:$E,SSP2_Baseline!$C:$C,Results_list!$C$25,SSP2_Baseline!$D:$D,Results_list!$D37,SSP2_Baseline!$B:$B,2040)) - (SUMIFS(SSP2_Baseline!$E:$E,SSP2_Baseline!$C:$C,Results_list!$C$25,SSP2_Baseline!$D:$D,Results_list!$D37,SSP2_Baseline!$B:$B,2025))) / (SUMIFS(SSP2_Baseline!$E:$E,SSP2_Baseline!$C:$C,Results_list!$C$25,SSP2_Baseline!$D:$D,Results_list!$D37,SSP2_Baseline!$B:$B,2025)) -> 0.025780353 | K37: =((SUMIFS(SSP2_VSI!$F:$F,SSP2_VSI!$C:$C,Results_list!$C$25,SSP2_VSI!$D:$D,Results_list!$D37,SSP2_VSI!$B:$B,2040)) - (SUMIFS(SSP2_VSI!$F:$F,SSP2_VSI!$C:$C,Results_list!$C$25,SSP2_VSI!$D:$D,Results_list!$D37,SSP2_VSI!$B:$B,2025))) / (SUMIFS(SSP2_VSI!$F:$F,SSP2_VSI!$C:$C,Results_list!$C$25,SSP2_VSI!$D:$D,Results_list!$D37,SSP2_VSI!$B:$B,2025)) -> 0.02576545 | L37: =ROUND(K37-J37,2) -> 0 | M37: =((SUMIFS(SSP5_Baseline!$E:$E,SSP5_Baseline!$C:$C,Results_list!$C$25,SSP5_Baseline!$D:$D,Results_list!$D37,SSP5_Baseline!$B:$B,2040)) - (SUMIFS(SSP5_Baseline!$E:$E,SSP5_Baseline!$C:$C,Results_list!$C$25,SSP5_Baseline!$D:$D,Results_list!$D37,SSP5_Baseline!$B:$B,2025))) / (SUMIFS(SSP5_Baseline!$E:$E,SSP5_Baseline!$C:$C,Results_list!$C$25,SSP5_Baseline!$D:$D,Results_list!$D37,SSP5_Baseline!$B:$B,2025)) -> -0.021822915 | N37: =((SUMIFS(SSP5_VSI!$F:$F,SSP5_VSI!$C:$C,Results_list!$C$25,SSP5_VSI!$D:$D,Results_list!$D37,SSP5_VSI!$B:$B,2040)) - (SUMIFS(SSP5_VSI!$F:$F,SSP5_VSI!$C:$C,Results_list!$C$25,SSP5_VSI!$D:$D,Results_list!$D37,SSP5_VSI!$B:$B,2025))) / (SUMIFS(SSP5_VSI!$F:$F,SSP5_VSI!$C:$C,Results_list!$C$25,SSP5_VSI!$D:$D,Results_list!$D37,SSP5_VSI!$B:$B,2025)) -> -0.021818167 | O37: =ROUND(N37-M37,2) -> 0
... D42: ('ReCiPe Midpoint (H)', 'ozone depletion', 'ODPinf') | F42: ODPinf | G42: =((SUMIFS(SSP1_Baseline!$E:$E,SSP1_Baseline!$C:$C,Results_list!$C$25,SSP1_Baseline!$D:$D,Results_list!$D42,SSP1_Baseline!$B:$B,2040)) - (SUMIFS(SSP1_Baseline!$E:$E,SSP1_Baseline!$C:$C,Results_list!$C$25,SSP1_Baseline!$D:$D,Results_list!$D42,SSP1_Baseline!$B:$B,2025))) / (SUMIFS(SSP1_Baseline!$E:$E,SSP1_Baseline!$C:$C,Results_list!$C$25,SSP1_Baseline!$D:$D,Results_list!$D42,SSP1_Baseline!$B:$B,2025)) -> -0.078120541 | H42: =((SUMIFS(SSP1_VSI!$F:$F,SSP1_VSI!$C:$C,Results_list!$C$25,SSP1_VSI!$D:$D,Results_list!$D42,SSP1_VSI!$B:$B,2040)) - (SUMIFS(SSP1_VSI!$F:$F,SSP1_VSI!$C:$C,Results_list!$C$25,SSP1_VSI!$D:$D,Results_list!$D42,SSP1_VSI!$B:$B,2025))) / (SUMIFS(SSP1_VSI!$F:$F,SSP1_VSI!$C:$C,Results_list!$C$25,SSP1_VSI!$D:$D,Results_list!$D42,SSP1_VSI!$B:$B,2025)) -> -0.078124712 | I42: =ROUND(H42-G42,3) -> 0 | J42: =((SUMIFS(SSP2_Baseline!$E:$E,SSP2_Baseline!$C:$C,Results_list!$C$25,SSP2_Baseline!$D:$D,Results_list!$D42,SSP2_Baseline!$B:$B,2040)) - (SUMIFS(SSP2_Baseline!$E:$E,SSP2_Baseline!$C:$C,Results_list!$C$25,SSP2_Baseline!$D:$D,Results_list!$D42,SSP2_Baseline!$B:$B,2025))) / (SUMIFS(SSP2_Baseline!$E:$E,SSP2_Baseline!$C:$C,Results_list!$C$25,SSP2_Baseline!$D:$D,Results_list!$D42,SSP2_Baseline!$B:$B,2025)) -> -0.12716266 | K42: =((SUMIFS(SSP2_VSI!$F:$F,SSP2_VSI!$C:$C,Results_list!$C$25,SSP2_VSI!$D:$D,Results_list!$D42,SSP2_VSI!$B:$B,2040)) - (SUMIFS(SSP2_VSI!$F:$F,SSP2_VSI!$C:$C,Results_list!$C$25,SSP2_VSI!$D:$D,Results_list!$D42,SSP2_VSI!$B:$B,2025))) / (SUMIFS(SSP2_VSI!$F:$F,SSP2_VSI!$C:$C,Results_list!$C$25,SSP2_VSI!$D:$D,Results_list!$D42,SSP2_VSI!$B:$B,2025)) -> -0.12717554 | L42: =ROUND(K42-J42,2) -> 0 | M42: =((SUMIFS(SSP5_Baseline!$E:$E,SSP5_Baseline!$C:$C,Results_list!$C$25,SSP5_Baseline!$D:$D,Results_list!$D42,SSP5_Baseline!$B:$B,2040)) - (SUMIFS(SSP5_Baseline!$E:$E,SSP5_Baseline!$C:$C,Results_list!$C$25,SSP5_Baseline!$D:$D,Results_list!$D42,SSP5_Baseline!$B:$B,2025))) / (SUMIFS(SSP5_Baseline!$E:$E,SSP5_Baseline!$C:$C,Results_list!$C$25,SSP5_Baseline!$D:$D,Results_list!$D42,SSP5_Baseline!$B:$B,2025)) -> 0.18231962 | N42: =((SUMIFS(SSP5_VSI!$F:$F,SSP5_VSI!$C:$C,Results_list!$C$25,SSP5_VSI!$D:$D,Results_list!$D42,SSP5_VSI!$B:$B,2040)) - (SUMIFS(SSP5_VSI!$F:$F,SSP5_VSI!$C:$C,Results_list!$C$25,SSP5_VSI!$D:$D,Results_list!$D42,SSP5_VSI!$B:$B,2025))) / (SUMIFS(SSP5_VSI!$F:$F,SSP5_VSI!$C:$C,Results_list!$C$25,SSP5_VSI!$D:$D,Results_list!$D42,SSP5_VSI!$B:$B,2025)) -> 0.18233493 | O42: =ROUND(N42-M42,2) -> 0
G44: Scenario
B45: Activity | C45: Activity | D45: Impact Category | F45: Impact Mitigation | G45: SSP1 | H45: SSP1 + VSI | I45: Δ% | J45: SSP2 | K45: SSP2 + VSI | L45: Δ% | M45: SSP5 | N45: SSP5 + VSI | O45: Δ%
B46: platinum group metal, extraction and refinery operations (ZA) | C46: platinum group metal, extraction and refinery operations | D46: ('ReCiPe Midpoint (H)', 'terrestrial ecotoxicity', 'TETPinf') | F46: TETPinf | G46: =((SUMIFS(SSP1_Baseline!$E:$E,SSP1_Baseline!$C:$C,Results_list!$C$46,SSP1_Baseline!$D:$D,Results_list!$D46,SSP1_Baseline!$B:$B,2040)) - (SUMIFS(SSP1_Baseline!$E:$E,SSP1_Baseline!$C:$C,Results_list!$C$46,SSP1_Baseline!$D:$D,Results_list!$D46,SSP1_Baseline!$B:$B,2025))) / (SUMIFS(SSP1_Baseline!$E:$E,SSP1_Baseline!$C:$C,Results_list!$C$46,SSP1_Baseline!$D:$D,Results_list!$D46,SSP1_Baseline!$B:$B,2025)) -> 0.047831256 | H46: =((SUMIFS(SSP1_VSI!$F:$F,SSP1_VSI!$C:$C,Results_list!$C$46,SSP1_VSI!$D:$D,Results_list!$D46,SSP1_VSI!$B:$B,2040)) - (SUMIFS(SSP1_VSI!$F:$F,SSP1_VSI!$C:$C,Results_list!$C$46,SSP1_VSI!$D:$D,Results_list!$D46,SSP1_VSI!$B:$B,2025))) / (SUMIFS(SSP1_VSI!$F:$F,SSP1_VSI!$C:$C,Results_list!$C$46,SSP1_VSI!$D:$D,Results_list!$D46,SSP1_VSI!$B:$B,2025)) -> 0.035095452 | I46: =ROUND(H46-G46,3) -> -0.013 | J46: =((SUMIFS(SSP2_Baseline!$E:$E,SSP2_Baseline!$C:$C,Results_list!$C$46,SSP2_Baseline!$D:$D,Results_list!$D46,SSP2_Baseline!$B:$B,2040)) - (SUMIFS(SSP2_Baseline!$E:$E,SSP2_Baseline!$C:$C,Results_list!$C$46,SSP2_Baseline!$D:$D,Results_list!$D46,SSP2_Baseline!$B:$B,2025))) / (SUMIFS(SSP2_Baseline!$E:$E,SSP2_Baseline!$C:$C,Results_list!$C$46,SSP2_Baseline!$D:$D,Results_list!$D46,SSP2_Baseline!$B:$B,2025)) -> 1.4536821 | K46: =((SUMIFS(SSP2_VSI!$F:$F,SSP2_VSI!$C:$C,Results_list!$C$46,SSP2_VSI!$D:$D,Results_list!$D46,SSP2_VSI!$B:$B,2040)) - (SUMIFS(SSP2_VSI!$F:$F,SSP2_VSI!$C:$C,Results_list!$C$46,SSP2_VSI!$D:$D,Results_list!$D46,SSP2_VSI!$B:$B,2025))) / (SUMIFS(SSP2_VSI!$F:$F,SSP2_VSI!$C:$C,Results_list!$C$46,SSP2_VSI!$D:$D,Results_list!$D46,SSP2_VSI!$B:$B,2025)) -> 1.3939516 | L46: =ROUND(K46-J46,2) -> -0.06 | M46: =((SUMIFS(SSP5_Baseline!$E:$E,SSP5_Baseline!$C:$C,Results_list!$C$46,SSP5_Baseline!$D:$D,Results_list!$D46,SSP5_Baseline!$B:$B,2040)) - (SUMIFS(SSP5_Baseline!$E:$E,SSP5_Baseline!$C:$C,Results_list!$C$46,SSP5_Baseline!$D:$D,Results_list!$D46,SSP5_Baseline!$B:$B,2025))) / (SUMIFS(SSP5_Baseline!$E:$E,SSP5_Baseline!$C:$C,Results_list!$C$46,SSP5_Baseline!$D:$D,Results_list!$D46,SSP5_Baseline!$B:$B,2025)) -> 3.0493595 | N46: =((SUMIFS(SSP5_VSI!$F:$F,SSP5_VSI!$C:$C,Results_list!$C$46,SSP5_VSI!$D:$D,Results_list!$D46,SSP5_VSI!$B:$B,2040)) - (SUMIFS(SSP5_VSI!$F:$F,SSP5_VSI!$C:$C,Results_list!$C$46,SSP5_VSI!$D:$D,Results_list!$D46,SSP5_VSI!$B:$B,2025))) / (SUMIFS(SSP5_VSI!$F:$F,SSP5_VSI!$C:$C,Results_list!$C$46,SSP5_VSI!$D:$D,Results_list!$D46,SSP5_VSI!$B:$B,2025)) -> 2.9701354 | O46: =ROUND(N46-M46,2) -> -0.08
D47: ('ReCiPe Midpoint (H)', 'natural land transformation', 'NLTP') | F47: NLTP | G47: =((SUMIFS(SSP1_Baseline!$E:$E,SSP1_Baseline!$C:$C,Results_list!$C$46,SSP1_Baseline!$D:$D,Results_list!$D47,SSP1_Baseline!$B:$B,2040)) - (SUMIFS(SSP1_Baseline!$E:$E,SSP1_Baseline!$C:$C,Results_list!$C$46,SSP1_Baseline!$D:$D,Results_list!$D47,SSP1_Baseline!$B:$B,2025))) / (SUMIFS(SSP1_Baseline!$E:$E,SSP1_Baseline!$C:$C,Results_list!$C$46,SSP1_Baseline!$D:$D,Results_list!$D47,SSP1_Baseline!$B:$B,2025)) -> -0.011448889 | H47: =((SUMIFS(SSP1_VSI!$F:$F,SSP1_VSI!$C:$C,Results_list!$C$46,SSP1_VSI!$D:$D,Results_list!$D47,SSP1_VSI!$B:$B,2040)) - (SUMIFS(SSP1_VSI!$F:$F,SSP1_VSI!$C:$C,Results_list!$C$46,SSP1_VSI!$D:$D,Results_list!$D47,SSP1_VSI!$B:$B,2025))) / (SUMIFS(SSP1_VSI!$F:$F,SSP1_VSI!$C:$C,Results_list!$C$46,SSP1_VSI!$D:$D,Results_list!$D47,SSP1_VSI!$B:$B,2025)) -> -0.011449762 | I47: =ROUND(H47-G47,3) -> 0 | J47: =((SUMIFS(SSP2_Baseline!$E:$E,SSP2_Baseline!$C:$C,Results_list!$C$46,SSP2_Baseline!$D:$D,Results_list!$D47,SSP2_Baseline!$B:$B,2040)) - (SUMIFS(SSP2_Baseline!$E:$E,SSP2_Baseline!$C:$C,Results_list!$C$46,SSP2_Baseline!$D:$D,Results_list!$D47,SSP2_Baseline!$B:$B,2025))) / (SUMIFS(SSP2_Baseline!$E:$E,SSP2_Baseline!$C:$C,Results_list!$C$46,SSP2_Baseline!$D:$D,Results_list!$D47,SSP2_Baseline!$B:$B,2025)) -> -0.016680124 | K47: =((SUMIFS(SSP2_VSI!$F:$F,SSP2_VSI!$C:$C,Results_list!$C$46,SSP2_VSI!$D:$D,Results_list!$D47,SSP2_VSI!$B:$B,2040)) - (SUMIFS(SSP2_VSI!$F:$F,SSP2_VSI!$C:$C,Results_list!$C$46,SSP2_VSI!$D:$D,Results_list!$D47,SSP2_VSI!$B:$B,2025))) / (SUMIFS(SSP2_VSI!$F:$F,SSP2_VSI!$C:$C,Results_list!$C$46,SSP2_VSI!$D:$D,Results_list!$D47,SSP2_VSI!$B:$B,2025)) -> -0.016681869 | L47: =ROUND(K47-J47,2) -> 0 | M47: =((SUMIFS(SSP5_Baseline!$E:$E,SSP5_Baseline!$C:$C,Results_list!$C$46,SSP5_Baseline!$D:$D,Results_list!$D47,SSP5_Baseline!$B:$B,2040)) - (SUMIFS(SSP5_Baseline!$E:$E,SSP5_Baseline!$C:$C,Results_list!$C$46,SSP5_Baseline!$D:$D,Results_list!$D47,SSP5_Baseline!$B:$B,2025))) / (SUMIFS(SSP5_Baseline!$E:$E,SSP5_Baseline!$C:$C,Results_list!$C$46,SSP5_Baseline!$D:$D,Results_list!$D47,SSP5_Baseline!$B:$B,2025)) -> 0.03705968 | N47: =((SUMIFS(SSP5_VSI!$F:$F,SSP5_VSI!$C:$C,Results_list!$C$46,SSP5_VSI!$D:$D,Results_list!$D47,SSP5_VSI!$B:$B,2040)) - (SUMIFS(SSP5_VSI!$F:$F,SSP5_VSI!$C:$C,Results_list!$C$46,SSP5_VSI!$D:$D,Results_list!$D47,SSP5_VSI!$B:$B,2025))) / (SUMIFS(SSP5_VSI!$F:$F,SSP5_VSI!$C:$C,Results_list!$C$46,SSP5_VSI!$D:$D,Results_list!$D47,SSP5_VSI!$B:$B,2025)) -> 0.037057326 | O47: =ROUND(N47-M47,2) -> 0
D48: ('ReCiPe Midpoint (H)', 'photochemical oxidant formation', 'POFP') | F48: POFP | G48: =((SUMIFS(SSP1_Baseline!$E:$E,SSP1_Baseline!$C:$C,Results_list!$C$46,SSP1_Baseline!$D:$D,Results_list!$D48,SSP1_Baseline!$B:$B,2040)) - (SUMIFS(SSP1_Baseline!$E:$E,SSP1_Baseline!$C:$C,Results_list!$C$46,SSP1_Baseline!$D:$D,Results_list!$D48,SSP1_Baseline!$B:$B,2025))) / (SUMIFS(SSP1_Baseline!$E:$E,SSP1_Baseline!$C:$C,Results_list!$C$46,SSP1_Baseline!$D:$D,Results_list!$D48,SSP1_Baseline!$B:$B,2025)) -> -0.042629724 | H48: =((SUMIFS(SSP1_VSI!$F:$F,SSP1_VSI!$C:$C,Results_list!$C$46,SSP1_VSI!$D:$D,Results_list!$D48,SSP1_VSI!$B:$B,2040)) - (SUMIFS(SSP1_VSI!$F:$F,SSP1_VSI!$C:$C,Results_list!$C$46,SSP1_VSI!$D:$D,Results_list!$D48,SSP1_VSI!$B:$B,2025))) / (SUMIFS(SSP1_VSI!$F:$F,SSP1_VSI!$C:$C,Results_list!$C$46,SSP1_VSI!$D:$D,Results_list!$D48,SSP1_VSI!$B:$B,2025)) -> -0.060891047 | I48: =ROUND(H48-G48,3) -> -0.018 | J48: =((SUMIFS(SSP2_Baseline!$E:$E,SSP2_Baseline!$C:$C,Results_list!$C$46,SSP2_Baseline!$D:$D,Results_list!$D48,SSP2_Baseline!$B:$B,2040)) - (SUMIFS(SSP2_Baseline!$E:$E,SSP2_Baseline!$C:$C,Results_list!$C$46,SSP2_Baseline!$D:$D,Results_list!$D48,SSP2_Baseline!$B:$B,2025))) / (SUMIFS(SSP2_Baseline!$E:$E,SSP2_Baseline!$C:$C,Results_list!$C$46,SSP2_Baseline!$D:$D,Results_list!$D48,SSP2_Baseline!$B:$B,2025)) -> -0.041198632 | K48: =((SUMIFS(SSP2_VSI!$F:$F,SSP2_VSI!$C:$C,Results_list!$C$46,SSP2_VSI!$D:$D,Results_list!$D48,SSP2_VSI!$B:$B,2040)) - (SUMIFS(SSP2_VSI!$F:$F,SSP2_VSI!$C:$C,Results_list!$C$46,SSP2_VSI!$D:$D,Results_list!$D48,SSP2_VSI!$B:$B,2025))) / (SUMIFS(SSP2_VSI!$F:$F,SSP2_VSI!$C:$C,Results_list!$C$46,SSP2_VSI!$D:$D,Results_list!$D48,SSP2_VSI!$B:$B,2025)) -> -0.059505512 | L48: =ROUND(K48-J48,2) -> -0.02 | M48: =((SUMIFS(SSP5_Baseline!$E:$E,SSP5_Baseline!$C:$C,Results_list!$C$46,SSP5_Baseline!$D:$D,Results_list!$D48,SSP5_Baseline!$B:$B,2040)) - (SUMIFS(SSP5_Baseline!$E:$E,SSP5_Baseline!$C:$C,Results_list!$C$46,SSP5_Baseline!$D:$D,Results_list!$D48,SSP5_Baseline!$B:$B,2025))) / (SUMIFS(SSP5_Baseline!$E:$E,SSP5_Baseline!$C:$C,Results_list!$C$46,SSP5_Baseline!$D:$D,Results_list!$D48,SSP5_Baseline!$B:$B,2025)) -> -0.024408412 | N48: =((SUMIFS(SSP5_VSI!$F:$F,SSP5_VSI!$C:$C,Results_list!$C$46,SSP5_VSI!$D:$D,Results_list!$D48,SSP5_VSI!$B:$B,2040)) - (SUMIFS(SSP5_VSI!$F:$F,SSP5_VSI!$C:$C,Results_list!$C$46,SSP5_VSI!$D:$D,Results_list!$D48,SSP5_VSI!$B:$B,2025))) / (SUMIFS(SSP5_VSI!$F:$F,SSP5_VSI!$C:$C,Results_list!$C$46,SSP5_VSI!$D:$D,Results_list!$D48,SSP5_VSI!$B:$B,2025)) -> -0.0426471 | O48: =ROUND(N48-M48,2) -> -0.02
D49: ('ReCiPe Midpoint (H)', 'human toxicity', 'HTPinf') | F49: HTPinf | G49: =((SUMIFS(SSP1_Baseline!$E:$E,SSP1_Baseline!$C:$C,Results_list!$C$46,SSP1_Baseline!$D:$D,Results_list!$D49,SSP1_Baseline!$B:$B,2040)) - (SUMIFS(SSP1_Baseline!$E:$E,SSP1_Baseline!$C:$C,Results_list!$C$46,SSP1_Baseline!$D:$D,Results_list!$D49,SSP1_Baseline!$B:$B,2025))) / (SUMIFS(SSP1_Baseline!$E:$E,SSP1_Baseline!$C:$C,Results_list!$C$46,SSP1_Baseline!$D:$D,Results_list!$D49,SSP1_Baseline!$B:$B,2025)) -> -0.022507562 | H49: =((SUMIFS(SSP1_VSI!$F:$F,SSP1_VSI!$C:$C,Results_list!$C$46,SSP1_VSI!$D:$D,Results_list!$D49,SSP1_VSI!$B:$B,2040)) - (SUMIFS(SSP1_VSI!$F:$F,SSP1_VSI!$C:$C,Results_list!$C$46,SSP1_VSI!$D:$D,Results_list!$D49,SSP1_VSI!$B:$B,2025))) / (SUMIFS(SSP1_VSI!$F:$F,SSP1_VSI!$C:$C,Results_list!$C$46,SSP1_VSI!$D:$D,Results_list!$D49,SSP1_VSI!$B:$B,2025)) -> -0.023491371 | I49: =ROUND(H49-G49,3) -> -0.001 | J49: =((SUMIFS(SSP2_Baseline!$E:$E,SSP2_Baseline!$C:$C,Results_list!$C$46,SSP2_Baseline!$D:$D,Results_list!$D49,SSP2_Baseline!$B:$B,2040)) - (SUMIFS(SSP2_Baseline!$E:$E,SSP2_Baseline!$C:$C,Results_list!$C$46,SSP2_Baseline!$D:$D,Results_list!$D49,SSP2_Baseline!$B:$B,2025))) / (SUMIFS(SSP2_Baseline!$E:$E,SSP2_Baseline!$C:$C,Results_list!$C$46,SSP2_Baseline!$D:$D,Results_list!$D49,SSP2_Baseline!$B:$B,2025)) -> -0.016787551 | K49: =((SUMIFS(SSP2_VSI!$F:$F,SSP2_VSI!$C:$C,Results_list!$C$46,SSP2_VSI!$D:$D,Results_list!$D49,SSP2_VSI!$B:$B,2040)) - (SUMIFS(SSP2_VSI!$F:$F,SSP2_VSI!$C:$C,Results_list!$C$46,SSP2_VSI!$D:$D,Results_list!$D49,SSP2_VSI!$B:$B,2025))) / (SUMIFS(SSP2_VSI!$F:$F,SSP2_VSI!$C:$C,Results_list!$C$46,SSP2_VSI!$D:$D,Results_list!$D49,SSP2_VSI!$B:$B,2025)) -> -0.017773701 | L49: =ROUND(K49-J49,2) -> 0 | M49: =((SUMIFS(SSP5_Baseline!$E:$E,SSP5_Baseline!$C:$C,Results_list!$C$46,SSP5_Baseline!$D:$D,Results_list!$D49,SSP5_Baseline!$B:$B,2040)) - (SUMIFS(SSP5_Baseline!$E:$E,SSP5_Baseline!$C:$C,Results_list!$C$46,SSP5_Baseline!$D:$D,Results_list!$D49,SSP5_Baseline!$B:$B,2025))) / (SUMIFS(SSP5_Baseline!$E:$E,SSP5_Baseline!$C:$C,Results_list!$C$46,SSP5_Baseline!$D:$D,Results_list!$D49,SSP5_Baseline!$B:$B,2025)) -> -0.017176888 | N49: =((SUMIFS(SSP5_VSI!$F:$F,SSP5_VSI!$C:$C,Results_list!$C$46,SSP5_VSI!$D:$D,Results_list!$D49,SSP5_VSI!$B:$B,2040)) - (SUMIFS(SSP5_VSI!$F:$F,SSP5_VSI!$C:$C,Results_list!$C$46,SSP5_VSI!$D:$D,Results_list!$D49,SSP5_VSI!$B:$B,2025))) / (SUMIFS(SSP5_VSI!$F:$F,SSP5_VSI!$C:$C,Results_list!$C$46,SSP5_VSI!$D:$D,Results_list!$D49,SSP5_VSI!$B:$B,2025)) -> -0.018164615 | O49: =ROUND(N49-M49,2) -> 0
D50: ('ReCiPe Midpoint (H)', 'marine eutrophication', 'MEP') | F50: MEP | G50: =((SUMIFS(SSP1_Baseline!$E:$E,SSP1_Baseline!$C:$C,Results_list!$C$46,SSP1_Baseline!$D:$D,Results_list!$D50,SSP1_Baseline!$B:$B,2040)) - (SUMIFS(SSP1_Baseline!$E:$E,SSP1_Baseline!$C:$C,Results_list!$C$46,SSP1_Baseline!$D:$D,Results_list!$D50,SSP1_Baseline!$B:$B,2025))) / (SUMIFS(SSP1_Baseline!$E:$E,SSP1_Baseline!$C:$C,Results_list!$C$46,SSP1_Baseline!$D:$D,Results_list!$D50,SSP1_Baseline!$B:$B,2025)) -> -0.05004715 | H50: =((SUMIFS(SSP1_VSI!$F:$F,SSP1_VSI!$C:$C,Results_list!$C$46,SSP1_VSI!$D:$D,Results_list!$D50,SSP1_VSI!$B:$B,2040)) - (SUMIFS(SSP1_VSI!$F:$F,SSP1_VSI!$C:$C,Results_list!$C$46,SSP1_VSI!$D:$D,Results_list!$D50,SSP1_VSI!$B:$B,2025))) / (SUMIFS(SSP1_VSI!$F:$F,SSP1_VSI!$C:$C,Results_list!$C$46,SSP1_VSI!$D:$D,Results_list!$D50,SSP1_VSI!$B:$B,2025)) -> -0.050055052 | I50: =ROUND(H50-G50,3) -> 0 | J50: =((SUMIFS(SSP2_Baseline!$E:$E,SSP2_Baseline!$C:$C,Results_list!$C$46,SSP2_Baseline!$D:$D,Results_list!$D50,SSP2_Baseline!$B:$B,2040)) - (SUMIFS(SSP2_Baseline!$E:$E,SSP2_Baseline!$C:$C,Results_list!$C$46,SSP2_Baseline!$D:$D,Results_list!$D50,SSP2_Baseline!$B:$B,2025))) / (SUMIFS(SSP2_Baseline!$E:$E,SSP2_Baseline!$C:$C,Results_list!$C$46,SSP2_Baseline!$D:$D,Results_list!$D50,SSP2_Baseline!$B:$B,2025)) -> -0.035784967 | K50: =((SUMIFS(SSP2_VSI!$F:$F,SSP2_VSI!$C:$C,Results_list!$C$46,SSP2_VSI!$D:$D,Results_list!$D50,SSP2_VSI!$B:$B,2040)) - (SUMIFS(SSP2_VSI!$F:$F,SSP2_VSI!$C:$C,Results_list!$C$46,SSP2_VSI!$D:$D,Results_list!$D50,SSP2_VSI!$B:$B,2025))) / (SUMIFS(SSP2_VSI!$F:$F,SSP2_VSI!$C:$C,Results_list!$C$46,SSP2_VSI!$D:$D,Results_list!$D50,SSP2_VSI!$B:$B,2025)) -> -0.035790465 | L50: =ROUND(K50-J50,2) -> 0 | M50: =((SUMIFS(SSP5_Baseline!$E:$E,SSP5_Baseline!$C:$C,Results_list!$C$46,SSP5_Baseline!$D:$D,Results_list!$D50,SSP5_Baseline!$B:$B,2040)) - (SUMIFS(SSP5_Baseline!$E:$E,SSP5_Baseline!$C:$C,Results_list!$C$46,SSP5_Baseline!$D:$D,Results_list!$D50,SSP5_Baseline!$B:$B,2025))) / (SUMIFS(SSP5_Baseline!$E:$E,SSP5_Baseline!$C:$C,Results_list!$C$46,SSP5_Baseline!$D:$D,Results_list!$D50,SSP5_Baseline!$B:$B,2025)) -> -0.027710651 | N50: =((SUMIFS(SSP5_VSI!$F:$F,SSP5_VSI!$C:$C,Results_list!$C$46,SSP5_VSI!$D:$D,Results_list!$D50,SSP5_VSI!$B:$B,2040)) - (SUMIFS(SSP5_VSI!$F:$F,SSP5_VSI!$C:$C,Results_list!$C$46,SSP5_VSI!$D:$D,Results_list!$D50,SSP5_VSI!$B:$B,2025))) / (SUMIFS(SSP5_VSI!$F:$F,SSP5_VSI!$C:$C,Results_list!$C$46,SSP5_VSI!$D:$D,Results_list!$D50,SSP5_VSI!$B:$B,2025)) -> -0.027717428 | O50: =ROUND(N50-M50,2) -> 0
D51: ('IPCC 2013', 'climate change', 'GWP 100a, incl. H and bio CO2') | F51: GWP100 | G51: =((SUMIFS(SSP1_Baseline!$E:$E,SSP1_Baseline!$C:$C,Results_list!$C$46,SSP1_Baseline!$D:$D,Results_list!$D51,SSP1_Baseline!$B:$B,2040)) - (SUMIFS(SSP1_Baseline!$E:$E,SSP1_Baseline!$C:$C,Results_list!$C$46,SSP1_Baseline!$D:$D,Results_list!$D51,SSP1_Baseline!$B:$B,2025))) / (SUMIFS(SSP1_Baseline!$E:$E,SSP1_Baseline!$C:$C,Results_list!$C$46,SSP1_Baseline!$D:$D,Results_list!$D51,SSP1_Baseline!$B:$B,2025)) -> -0.36538683 | H51: =((SUMIFS(SSP1_VSI!$F:$F,SSP1_VSI!$C:$C,Results_list!$C$46,SSP1_VSI!$D:$D,Results_list!$D51,SSP1_VSI!$B:$B,2040)) - (SUMIFS(SSP1_VSI!$F:$F,SSP1_VSI!$C:$C,Results_list!$C$46,SSP1_VSI!$D:$D,Results_list!$D51,SSP1_VSI!$B:$B,2025))) / (SUMIFS(SSP1_VSI!$F:$F,SSP1_VSI!$C:$C,Results_list!$C$46,SSP1_VSI!$D:$D,Results_list!$D51,SSP1_VSI!$B:$B,2025)) -> -0.3654792 | I51: =ROUND(H51-G51,3) -> 0 | J51: =((SUMIFS(SSP2_Baseline!$E:$E,SSP2_Baseline!$C:$C,Results_list!$C$46,SSP2_Baseline!$D:$D,Results_list!$D51,SSP2_Baseline!$B:$B,2040)) - (SUMIFS(SSP2_Baseline!$E:$E,SSP2_Baseline!$C:$C,Results_list!$C$46,SSP2_Baseline!$D:$D,Results_list!$D51,SSP2_Baseline!$B:$B,2025))) / (SUMIFS(SSP2_Baseline!$E:$E,SSP2_Baseline!$C:$C,Results_list!$C$46,SSP2_Baseline!$D:$D,Results_list!$D51,SSP2_Baseline!$B:$B,2025)) -> -0.29784344 | K51: =((SUMIFS(SSP2_VSI!$F:$F,SSP2_VSI!$C:$C,Results_list!$C$46,SSP2_VSI!$D:$D,Results_list!$D51,SSP2_VSI!$B:$B,2040)) - (SUMIFS(SSP2_VSI!$F:$F,SSP2_VSI!$C:$C,Results_list!$C$46,SSP2_VSI!$D:$D,Results_list!$D51,SSP2_VSI!$B:$B,2025))) / (SUMIFS(SSP2_VSI!$F:$F,SSP2_VSI!$C:$C,Results_list!$C$46,SSP2_VSI!$D:$D,Results_list!$D51,SSP2_VSI!$B:$B,2025)) -> -0.29791495 | L51: =ROUND(K51-J51,2) -> 0 | M51: =((SUMIFS(SSP5_Baseline!$E:$E,SSP5_Baseline!$C:$C,Results_list!$C$46,SSP5_Baseline!$D:$D,Results_list!$D51,SSP5_Baseline!$B:$B,2040)) - (SUMIFS(SSP5_Baseline!$E:$E,SSP5_Baseline!$C:$C,Results_list!$C$46,SSP5_Baseline!$D:$D,Results_list!$D51,SSP5_Baseline!$B:$B,2025))) / (SUMIFS(SSP5_Baseline!$E:$E,SSP5_Baseline!$C:$C,Results_list!$C$46,SSP5_Baseline!$D:$D,Results_list!$D51,SSP5_Baseline!$B:$B,2025)) -> -0.16736228 | N51: =((SUMIFS(SSP5_VSI!$F:$F,SSP5_VSI!$C:$C,Results_list!$C$46,SSP5_VSI!$D:$D,Results_list!$D51,SSP5_VSI!$B:$B,2040)) - (SUMIFS(SSP5_VSI!$F:$F,SSP5_VSI!$C:$C,Results_list!$C$46,SSP5_VSI!$D:$D,Results_list!$D51,SSP5_VSI!$B:$B,2025))) / (SUMIFS(SSP5_VSI!$F:$F,SSP5_VSI!$C:$C,Results_list!$C$46,SSP5_VSI!$D:$D,Results_list!$D51,SSP5_VSI!$B:$B,2025)) -> -0.16742081 | O51: =ROUND(N51-M51,2) -> 0
D52: ('ReCiPe Midpoint (H)', 'particulate matter formation', 'PMFP') | F52: PMFP | G52: =((SUMIFS(SSP1_Baseline!$E:$E,SSP1_Baseline!$C:$C,Results_list!$C$46,SSP1_Baseline!$D:$D,Results_list!$D52,SSP1_Baseline!$B:$B,2040)) - (SUMIFS(SSP1_Baseline!$E:$E,SSP1_Baseline!$C:$C,Results_list!$C$46,SSP1_Baseline!$D:$D,Results_list!$D52,SSP1_Baseline!$B:$B,2025))) / (SUMIFS(SSP1_Baseline!$E:$E,SSP1_Baseline!$C:$C,Results_list!$C$46,SSP1_Baseline!$D:$D,Results_list!$D52,SSP1_Baseline!$B:$B,2025)) -> -0.103267 | H52: =((SUMIFS(SSP1_VSI!$F:$F,SSP1_VSI!$C:$C,Results_list!$C$46,SSP1_VSI!$D:$D,Results_list!$D52,SSP1_VSI!$B:$B,2040)) - (SUMIFS(SSP1_VSI!$F:$F,SSP1_VSI!$C:$C,Results_list!$C$46,SSP1_VSI!$D:$D,Results_list!$D52,SSP1_VSI!$B:$B,2025))) / (SUMIFS(SSP1_VSI!$F:$F,SSP1_VSI!$C:$C,Results_list!$C$46,SSP1_VSI!$D:$D,Results_list!$D52,SSP1_VSI!$B:$B,2025)) -> -0.24708367 | I52: =ROUND(H52-G52,3) -> -0.144 | J52: =((SUMIFS(SSP2_Baseline!$E:$E,SSP2_Baseline!$C:$C,Results_list!$C$46,SSP2_Baseline!$D:$D,Results_list!$D52,SSP2_Baseline!$B:$B,2040)) - (SUMIFS(SSP2_Baseline!$E:$E,SSP2_Baseline!$C:$C,Results_list!$C$46,SSP2_Baseline!$D:$D,Results_list!$D52,SSP2_Baseline!$B:$B,2025))) / (SUMIFS(SSP2_Baseline!$E:$E,SSP2_Baseline!$C:$C,Results_list!$C$46,SSP2_Baseline!$D:$D,Results_list!$D52,SSP2_Baseline!$B:$B,2025)) -> -0.094424317 | K52: =((SUMIFS(SSP2_VSI!$F:$F,SSP2_VSI!$C:$C,Results_list!$C$46,SSP2_VSI!$D:$D,Results_list!$D52,SSP2_VSI!$B:$B,2040)) - (SUMIFS(SSP2_VSI!$F:$F,SSP2_VSI!$C:$C,Results_list!$C$46,SSP2_VSI!$D:$D,Results_list!$D52,SSP2_VSI!$B:$B,2025))) / (SUMIFS(SSP2_VSI!$F:$F,SSP2_VSI!$C:$C,Results_list!$C$46,SSP2_VSI!$D:$D,Results_list!$D52,SSP2_VSI!$B:$B,2025)) -> -0.23963353 | L52: =ROUND(K52-J52,2) -> -0.15 | M52: =((SUMIFS(SSP5_Baseline!$E:$E,SSP5_Baseline!$C:$C,Results_list!$C$46,SSP5_Baseline!$D:$D,Results_list!$D52,SSP5_Baseline!$B:$B,2040)) - (SUMIFS(SSP5_Baseline!$E:$E,SSP5_Baseline!$C:$C,Results_list!$C$46,SSP5_Baseline!$D:$D,Results_list!$D52,SSP5_Baseline!$B:$B,2025))) / (SUMIFS(SSP5_Baseline!$E:$E,SSP5_Baseline!$C:$C,Results_list!$C$46,SSP5_Baseline!$D:$D,Results_list!$D52,SSP5_Baseline!$B:$B,2025)) -> -0.086516623 | N52: =((SUMIFS(SSP5_VSI!$F:$F,SSP5_VSI!$C:$C,Results_list!$C$46,SSP5_VSI!$D:$D,Results_list!$D52,SSP5_VSI!$B:$B,2040)) - (SUMIFS(SSP5_VSI!$F:$F,SSP5_VSI!$C:$C,Results_list!$C$46,SSP5_VSI!$D:$D,Results_list!$D52,SSP5_VSI!$B:$B,2025))) / (SUMIFS(SSP5_VSI!$F:$F,SSP5_VSI!$C:$C,Results_list!$C$46,SSP5_VSI!$D:$D,Results_list!$D52,SSP5_VSI!$B:$B,2025)) -> -0.23349541 | O52: =ROUND(N52-M52,2) -> -0.15
D53: ('ReCiPe Midpoint (H)', 'agricultural land occupation', 'ALOP') | F53: ALOP | G53: =((SUMIFS(SSP1_Baseline!$E:$E,SSP1_Baseline!$C:$C,Results_list!$C$46,SSP1_Baseline!$D:$D,Results_list!$D53,SSP1_Baseline!$B:$B,2040)) - (SUMIFS(SSP1_Baseline!$E:$E,SSP1_Baseline!$C:$C,Results_list!$C$46,SSP1_Baseline!$D:$D,Results_list!$D53,SSP1_Baseline!$B:$B,2025))) / (SUMIFS(SSP1_Baseline!$E:$E,SSP1_Baseline!$C:$C,Results_list!$C$46,SSP1_Baseline!$D:$D,Results_list!$D53,SSP1_Baseline!$B:$B,2025)) -> 1.8801549 | H53: =((SUMIFS(SSP1_VSI!$F:$F,SSP1_VSI!$C:$C,Results_list!$C$46,SSP1_VSI!$D:$D,Results_list!$D53,SSP1_VSI!$B:$B,2040)) - (SUMIFS(SSP1_VSI!$F:$F,SSP1_VSI!$C:$C,Results_list!$C$46,SSP1_VSI!$D:$D,Results_list!$D53,SSP1_VSI!$B:$B,2025))) / (SUMIFS(SSP1_VSI!$F:$F,SSP1_VSI!$C:$C,Results_list!$C$46,SSP1_VSI!$D:$D,Results_list!$D53,SSP1_VSI!$B:$B,2025)) -> 1.8801563 | I53: =ROUND(H53-G53,3) -> 0 | J53: =((SUMIFS(SSP2_Baseline!$E:$E,SSP2_Baseline!$C:$C,Results_list!$C$46,SSP2_Baseline!$D:$D,Results_list!$D53,SSP2_Baseline!$B:$B,2040)) - (SUMIFS(SSP2_Baseline!$E:$E,SSP2_Baseline!$C:$C,Results_list!$C$46,SSP2_Baseline!$D:$D,Results_list!$D53,SSP2_Baseline!$B:$B,2025))) / (SUMIFS(SSP2_Baseline!$E:$E,SSP2_Baseline!$C:$C,Results_list!$C$46,SSP2_Baseline!$D:$D,Results_list!$D53,SSP2_Baseline!$B:$B,2025)) -> 2.8776111 | K53: =((SUMIFS(SSP2_VSI!$F:$F,SSP2_VSI!$C:$C,Results_list!$C$46,SSP2_VSI!$D:$D,Results_list!$D53,SSP2_VSI!$B:$B,2040)) - (SUMIFS(SSP2_VSI!$F:$F,SSP2_VSI!$C:$C,Results_list!$C$46,SSP2_VSI!$D:$D,Results_list!$D53,SSP2_VSI!$B:$B,2025))) / (SUMIFS(SSP2_VSI!$F:$F,SSP2_VSI!$C:$C,Results_list!$C$46,SSP2_VSI!$D:$D,Results_list!$D53,SSP2_VSI!$B:$B,2025)) -> 2.8775025 | L53: =ROUND(K53-J53,2) -> 0 | M53: =((SUMIFS(SSP5_Baseline!$E:$E,SSP5_Baseline!$C:$C,Results_list!$C$46,SSP5_Baseline!$D:$D,Results_list!$D53,SSP5_Baseline!$B:$B,2040)) - (SUMIFS(SSP5_Baseline!$E:$E,SSP5_Baseline!$C:$C,Results_list!$C$46,SSP5_Baseline!$D:$D,Results_list!$D53,SSP5_Baseline!$B:$B,2025))) / (SUMIFS(SSP5_Baseline!$E:$E,SSP5_Baseline!$C:$C,Results_list!$C$46,SSP5_Baseline!$D:$D,Results_list!$D53,SSP5_Baseline!$B:$B,2025)) -> 2.2025185 | N53: =((SUMIFS(SSP5_VSI!$F:$F,SSP5_VSI!$C:$C,Results_list!$C$46,SSP5_VSI!$D:$D,Results_list!$D53,SSP5_VSI!$B:$B,2040)) - (SUMIFS(SSP5_VSI!$F:$F,SSP5_VSI!$C:$C,Results_list!$C$46,SSP5_VSI!$D:$D,Results_list!$D53,SSP5_VSI!$B:$B,2025))) / (SUMIFS(SSP5_VSI!$F:$F,SSP5_VSI!$C:$C,Results_list!$C$46,SSP5_VSI!$D:$D,Results_list!$D53,SSP5_VSI!$B:$B,2025)) -> 2.2024949 | O53: =ROUND(N53-M53,2) -> 0
D54: ('ReCiPe Midpoint (H)', 'freshwater eutrophication', 'FEP') | F54: FEP | G54: =((SUMIFS(SSP1_Baseline!$E:$E,SSP1_Baseline!$C:$C,Results_list!$C$46,SSP1_Baseline!$D:$D,Results_list!$D54,SSP1_Baseline!$B:$B,2040)) - (SUMIFS(SSP1_Baseline!$E:$E,SSP1_Baseline!$C:$C,Results_list!$C$46,SSP1_Baseline!$D:$D,Results_list!$D54,SSP1_Baseline!$B:$B,2025))) / (SUMIFS(SSP1_Baseline!$E:$E,SSP1_Baseline!$C:$C,Results_list!$C$46,SSP1_Baseline!$D:$D,Results_list!$D54,SSP1_Baseline!$B:$B,2025)) -> -0.12090512 | H54: =((SUMIFS(SSP1_VSI!$F:$F,SSP1_VSI!$C:$C,Results_list!$C$46,SSP1_VSI!$D:$D,Results_list!$D54,SSP1_VSI!$B:$B,2040)) - (SUMIFS(SSP1_VSI!$F:$F,SSP1_VSI!$C:$C,Results_list!$C$46,SSP1_VSI!$D:$D,Results_list!$D54,SSP1_VSI!$B:$B,2025))) / (SUMIFS(SSP1_VSI!$F:$F,SSP1_VSI!$C:$C,Results_list!$C$46,SSP1_VSI!$D:$D,Results_list!$D54,SSP1_VSI!$B:$B,2025)) -> -0.12090013 | I54: =ROUND(H54-G54,3) -> 0 | J54: =((SUMIFS(SSP2_Baseline!$E:$E,SSP2_Baseline!$C:$C,Results_list!$C$46,SSP2_Baseline!$D:$D,Results_list!$D54,SSP2_Baseline!$B:$B,2040)) - (SUMIFS(SSP2_Baseline!$E:$E,SSP2_Baseline!$C:$C,Results_list!$C$46,SSP2_Baseline!$D:$D,Results_list!$D54,SSP2_Baseline!$B:$B,2025))) / (SUMIFS(SSP2_Baseline!$E:$E,SSP2_Baseline!$C:$C,Results_list!$C$46,SSP2_Baseline!$D:$D,Results_list!$D54,SSP2_Baseline!$B:$B,2025)) -> -0.089910857 | K54: =((SUMIFS(SSP2_VSI!$F:$F,SSP2_VSI!$C:$C,Results_list!$C$46,SSP2_VSI!$D:$D,Results_list!$D54,SSP2_VSI!$B:$B,2040)) - (SUMIFS(SSP2_VSI!$F:$F,SSP2_VSI!$C:$C,Results_list!$C$46,SSP2_VSI!$D:$D,Results_list!$D54,SSP2_VSI!$B:$B,2025))) / (SUMIFS(SSP2_VSI!$F:$F,SSP2_VSI!$C:$C,Results_list!$C$46,SSP2_VSI!$D:$D,Results_list!$D54,SSP2_VSI!$B:$B,2025)) -> -0.089909315 | L54: =ROUND(K54-J54,2) -> 0 | M54: =((SUMIFS(SSP5_Baseline!$E:$E,SSP5_Baseline!$C:$C,Results_list!$C$46,SSP5_Baseline!$D:$D,Results_list!$D54,SSP5_Baseline!$B:$B,2040)) - (SUMIFS(SSP5_Baseline!$E:$E,SSP5_Baseline!$C:$C,Results_list!$C$46,SSP5_Baseline!$D:$D,Results_list!$D54,SSP5_Baseline!$B:$B,2025))) / (SUMIFS(SSP5_Baseline!$E:$E,SSP5_Baseline!$C:$C,Results_list!$C$46,SSP5_Baseline!$D:$D,Results_list!$D54,SSP5_Baseline!$B:$B,2025)) -> -0.088874186 | N54: =((SUMIFS(SSP5_VSI!$F:$F,SSP5_VSI!$C:$C,Results_list!$C$46,SSP5_VSI!$D:$D,Results_list!$D54,SSP5_VSI!$B:$B,2040)) - (SUMIFS(SSP5_VSI!$F:$F,SSP5_VSI!$C:$C,Results_list!$C$46,SSP5_VSI!$D:$D,Results_list!$D54,SSP5_VSI!$B:$B,2025))) / (SUMIFS(SSP5_VSI!$F:$F,SSP5_VSI!$C:$C,Results_list!$C$46,SSP5_VSI!$D:$D,Results_list!$D54,SSP5_VSI!$B:$B,2025)) -> -0.088849475 | O54: =ROUND(N54-M54,2) -> 0
D55: ('ReCiPe Midpoint (H)', 'metal depletion', 'MDP') | F55: MDP | G55: =((SUMIFS(SSP1_Baseline!$E:$E,SSP1_Baseline!$C:$C,Results_list!$C$46,SSP1_Baseline!$D:$D,Results_list!$D55,SSP1_Baseline!$B:$B,2040)) - (SUMIFS(SSP1_Baseline!$E:$E,SSP1_Baseline!$C:$C,Results_list!$C$46,SSP1_Baseline!$D:$D,Results_list!$D55,SSP1_Baseline!$B:$B,2025))) / (SUMIFS(SSP1_Baseline!$E:$E,SSP1_Baseline!$C:$C,Results_list!$C$46,SSP1_Baseline!$D:$D,Results_list!$D55,SSP1_Baseline!$B:$B,2025)) -> 0.0015318024 | H55: =((SUMIFS(SSP1_VSI!$F:$F,SSP1_VSI!$C:$C,Results_list!$C$46,SSP1_VSI!$D:$D,Results_list!$D55,SSP1_VSI!$B:$B,2040)) - (SUMIFS(SSP1_VSI!$F:$F,SSP1_VSI!$C:$C,Results_list!$C$46,SSP1_VSI!$D:$D,Results_list!$D55,SSP1_VSI!$B:$B,2025))) / (SUMIFS(SSP1_VSI!$F:$F,SSP1_VSI!$C:$C,Results_list!$C$46,SSP1_VSI!$D:$D,Results_list!$D55,SSP1_VSI!$B:$B,2025)) -> 0.0015318704 | I55: =ROUND(H55-G55,3) -> 0 | J55: =((SUMIFS(SSP2_Baseline!$E:$E,SSP2_Baseline!$C:$C,Results_list!$C$46,SSP2_Baseline!$D:$D,Results_list!$D55,SSP2_Baseline!$B:$B,2040)) - (SUMIFS(SSP2_Baseline!$E:$E,SSP2_Baseline!$C:$C,Results_list!$C$46,SSP2_Baseline!$D:$D,Results_list!$D55,SSP2_Baseline!$B:$B,2025))) / (SUMIFS(SSP2_Baseline!$E:$E,SSP2_Baseline!$C:$C,Results_list!$C$46,SSP2_Baseline!$D:$D,Results_list!$D55,SSP2_Baseline!$B:$B,2025)) -> 0.0016347356 | K55: =((SUMIFS(SSP2_VSI!$F:$F,SSP2_VSI!$C:$C,Results_list!$C$46,SSP2_VSI!$D:$D,Results_list!$D55,SSP2_VSI!$B:$B,2040)) - (SUMIFS(SSP2_VSI!$F:$F,SSP2_VSI!$C:$C,Results_list!$C$46,SSP2_VSI!$D:$D,Results_list!$D55,SSP2_VSI!$B:$B,2025))) / (SUMIFS(SSP2_VSI!$F:$F,SSP2_VSI!$C:$C,Results_list!$C$46,SSP2_VSI!$D:$D,Results_list!$D55,SSP2_VSI!$B:$B,2025)) -> 0.0016347384 | L55: =ROUND(K55-J55,2) -> 0 | M55: =((SUMIFS(SSP5_Baseline!$E:$E,SSP5_Baseline!$C:$C,Results_list!$C$46,SSP5_Baseline!$D:$D,Results_list!$D55,SSP5_Baseline!$B:$B,2040)) - (SUMIFS(SSP5_Baseline!$E:$E,SSP5_Baseline!$C:$C,Results_list!$C$46,SSP5_Baseline!$D:$D,Results_list!$D55,SSP5_Baseline!$B:$B,2025))) / (SUMIFS(SSP5_Baseline!$E:$E,SSP5_Baseline!$C:$C,Results_list!$C$46,SSP5_Baseline!$D:$D,Results_list!$D55,SSP5_Baseline!$B:$B,2025)) -> 0.00058832499 | N55: =((SUMIFS(SSP5_VSI!$F:$F,SSP5_VSI!$C:$C,Results_list!$C$46,SSP5_VSI!$D:$D,Results_list!$D55,SSP5_VSI!$B:$B,2040)) - (SUMIFS(SSP5_VSI!$F:$F,SSP5_VSI!$C:$C,Results_list!$C$46,SSP5_VSI!$D:$D,Results_list!$D55,SSP5_VSI!$B:$B,2025))) / (SUMIFS(SSP5_VSI!$F:$F,SSP5_VSI!$C:$C,Results_list!$C$46,SSP5_VSI!$D:$D,Results_list!$D55,SSP5_VSI!$B:$B,2025)) -> 0.00058843242 | O55: =ROUND(N55-M55,2) -> 0
D56: ('ReCiPe Midpoint (H)', 'terrestrial acidification', 'TAP100') | F56: TAP100 | G56: =((SUMIFS(SSP1_Baseline!$E:$E,SSP1_Baseline!$C:$C,Results_list!$C$46,SSP1_Baseline!$D:$D,Results_list!$D56,SSP1_Baseline!$B:$B,2040)) - (SUMIFS(SSP1_Baseline!$E:$E,SSP1_Baseline!$C:$C,Results_list!$C$46,SSP1_Baseline!$D:$D,Results_list!$D56,SSP1_Baseline!$B:$B,2025))) / (SUMIFS(SSP1_Baseline!$E:$E,SSP1_Baseline!$C:$C,Results_list!$C$46,SSP1_Baseline!$D:$D,Results_list!$D56,SSP1_Baseline!$B:$B,2025)) -> -0.1096307 | H56: =((SUMIFS(SSP1_VSI!$F:$F,SSP1_VSI!$C:$C,Results_list!$C$46,SSP1_VSI!$D:$D,Results_list!$D56,SSP1_VSI!$B:$B,2040)) - (SUMIFS(SSP1_VSI!$F:$F,SSP1_VSI!$C:$C,Results_list!$C$46,SSP1_VSI!$D:$D,Results_list!$D56,SSP1_VSI!$B:$B,2025))) / (SUMIFS(SSP1_VSI!$F:$F,SSP1_VSI!$C:$C,Results_list!$C$46,SSP1_VSI!$D:$D,Results_list!$D56,SSP1_VSI!$B:$B,2025)) -> -0.31029897 | I56: =ROUND(H56-G56,3) -> -0.201 | J56: =((SUMIFS(SSP2_Baseline!$E:$E,SSP2_Baseline!$C:$C,Results_list!$C$46,SSP2_Baseline!$D:$D,Results_list!$D56,SSP2_Baseline!$B:$B,2040)) - (SUMIFS(SSP2_Baseline!$E:$E,SSP2_Baseline!$C:$C,Results_list!$C$46,SSP2_Baseline!$D:$D,Results_list!$D56,SSP2_Baseline!$B:$B,2025))) / (SUMIFS(SSP2_Baseline!$E:$E,SSP2_Baseline!$C:$C,Results_list!$C$46,SSP2_Baseline!$D:$D,Results_list!$D56,SSP2_Baseline!$B:$B,2025)) -> -0.0991541 | K56: =((SUMIFS(SSP2_VSI!$F:$F,SSP2_VSI!$C:$C,Results_list!$C$46,SSP2_VSI!$D:$D,Results_list!$D56,SSP2_VSI!$B:$B,2040)) - (SUMIFS(SSP2_VSI!$F:$F,SSP2_VSI!$C:$C,Results_list!$C$46,SSP2_VSI!$D:$D,Results_list!$D56,SSP2_VSI!$B:$B,2025))) / (SUMIFS(SSP2_VSI!$F:$F,SSP2_VSI!$C:$C,Results_list!$C$46,SSP2_VSI!$D:$D,Results_list!$D56,SSP2_VSI!$B:$B,2025)) -> -0.30205455 | L56: =ROUND(K56-J56,2) -> -0.2 | M56: =((SUMIFS(SSP5_Baseline!$E:$E,SSP5_Baseline!$C:$C,Results_list!$C$46,SSP5_Baseline!$D:$D,Results_list!$D56,SSP5_Baseline!$B:$B,2040)) - (SUMIFS(SSP5_Baseline!$E:$E,SSP5_Baseline!$C:$C,Results_list!$C$46,SSP5_Baseline!$D:$D,Results_list!$D56,SSP5_Baseline!$B:$B,2025))) / (SUMIFS(SSP5_Baseline!$E:$E,SSP5_Baseline!$C:$C,Results_list!$C$46,SSP5_Baseline!$D:$D,Results_list!$D56,SSP5_Baseline!$B:$B,2025)) -> -0.094630782 | N56: =((SUMIFS(SSP5_VSI!$F:$F,SSP5_VSI!$C:$C,Results_list!$C$46,SSP5_VSI!$D:$D,Results_list!$D56,SSP5_VSI!$B:$B,2040)) - (SUMIFS(SSP5_VSI!$F:$F,SSP5_VSI!$C:$C,Results_list!$C$46,SSP5_VSI!$D:$D,Results_list!$D56,SSP5_VSI!$B:$B,2025))) / (SUMIFS(SSP5_VSI!$F:$F,SSP5_VSI!$C:$C,Results_list!$C$46,SSP5_VSI!$D:$D,Results_list!$D56,SSP5_VSI!$B:$B,2025)) -> -0.30032961 | O56: =ROUND(N56-M56,2) -> -0.21
D57: ('ReCiPe Midpoint (H)', 'water depletion', 'WDP') | F57: WDP | G57: =((SUMIFS(SSP1_Baseline!$E:$E,SSP1_Baseline!$C:$C,Results_list!$C$46,SSP1_Baseline!$D:$D,Results_list!$D57,SSP1_Baseline!$B:$B,2040)) - (SUMIFS(SSP1_Baseline!$E:$E,SSP1_Baseline!$C:$C,Results_list!$C$46,SSP1_Baseline!$D:$D,Results_list!$D57,SSP1_Baseline!$B:$B,2025))) / (SUMIFS(SSP1_Baseline!$E:$E,SSP1_Baseline!$C:$C,Results_list!$C$46,SSP1_Baseline!$D:$D,Results_list!$D57,SSP1_Baseline!$B:$B,2025)) -> -0.056535348 | H57: =((SUMIFS(SSP1_VSI!$F:$F,SSP1_VSI!$C:$C,Results_list!$C$46,SSP1_VSI!$D:$D,Results_list!$D57,SSP1_VSI!$B:$B,2040)) - (SUMIFS(SSP1_VSI!$F:$F,SSP1_VSI!$C:$C,Results_list!$C$46,SSP1_VSI!$D:$D,Results_list!$D57,SSP1_VSI!$B:$B,2025))) / (SUMIFS(SSP1_VSI!$F:$F,SSP1_VSI!$C:$C,Results_list!$C$46,SSP1_VSI!$D:$D,Results_list!$D57,SSP1_VSI!$B:$B,2025)) -> -0.056536366 | I57: =ROUND(H57-G57,3) -> 0 | J57: =((SUMIFS(SSP2_Baseline!$E:$E,SSP2_Baseline!$C:$C,Results_list!$C$46,SSP2_Baseline!$D:$D,Results_list!$D57,SSP2_Baseline!$B:$B,2040)) - (SUMIFS(SSP2_Baseline!$E:$E,SSP2_Baseline!$C:$C,Results_list!$C$46,SSP2_Baseline!$D:$D,Results_list!$D57,SSP2_Baseline!$B:$B,2025))) / (SUMIFS(SSP2_Baseline!$E:$E,SSP2_Baseline!$C:$C,Results_list!$C$46,SSP2_Baseline!$D:$D,Results_list!$D57,SSP2_Baseline!$B:$B,2025)) -> 0.033819056 | K57: =((SUMIFS(SSP2_VSI!$F:$F,SSP2_VSI!$C:$C,Results_list!$C$46,SSP2_VSI!$D:$D,Results_list!$D57,SSP2_VSI!$B:$B,2040)) - (SUMIFS(SSP2_VSI!$F:$F,SSP2_VSI!$C:$C,Results_list!$C$46,SSP2_VSI!$D:$D,Results_list!$D57,SSP2_VSI!$B:$B,2025))) / (SUMIFS(SSP2_VSI!$F:$F,SSP2_VSI!$C:$C,Results_list!$C$46,SSP2_VSI!$D:$D,Results_list!$D57,SSP2_VSI!$B:$B,2025)) -> 0.033818624 | L57: =ROUND(K57-J57,2) -> 0 | M57: =((SUMIFS(SSP5_Baseline!$E:$E,SSP5_Baseline!$C:$C,Results_list!$C$46,SSP5_Baseline!$D:$D,Results_list!$D57,SSP5_Baseline!$B:$B,2040)) - (SUMIFS(SSP5_Baseline!$E:$E,SSP5_Baseline!$C:$C,Results_list!$C$46,SSP5_Baseline!$D:$D,Results_list!$D57,SSP5_Baseline!$B:$B,2025))) / (SUMIFS(SSP5_Baseline!$E:$E,SSP5_Baseline!$C:$C,Results_list!$C$46,SSP5_Baseline!$D:$D,Results_list!$D57,SSP5_Baseline!$B:$B,2025)) -> 0.070530737 | N57: =((SUMIFS(SSP5_VSI!$F:$F,SSP5_VSI!$C:$C,Results_list!$C$46,SSP5_VSI!$D:$D,Results_list!$D57,SSP5_VSI!$B:$B,2040)) - (SUMIFS(SSP5_VSI!$F:$F,SSP5_VSI!$C:$C,Results_list!$C$46,SSP5_VSI!$D:$D,Results_list!$D57,SSP5_VSI!$B:$B,2025))) / (SUMIFS(SSP5_VSI!$F:$F,SSP5_VSI!$C:$C,Results_list!$C$46,SSP5_VSI!$D:$D,Results_list!$D57,SSP5_VSI!$B:$B,2025)) -> 0.070532752 | O57: =ROUND(N57-M57,2) -> 0
D58: ('ReCiPe Midpoint (H)', 'urban land occupation', 'ULOP') | F58: ULOP | G58: =((SUMIFS(SSP1_Baseline!$E:$E,SSP1_Baseline!$C:$C,Results_list!$C$46,SSP1_Baseline!$D:$D,Results_list!$D58,SSP1_Baseline!$B:$B,2040)) - (SUMIFS(SSP1_Baseline!$E:$E,SSP1_Baseline!$C:$C,Results_list!$C$46,SSP1_Baseline!$D:$D,Results_list!$D58,SSP1_Baseline!$B:$B,2025))) / (SUMIFS(SSP1_Baseline!$E:$E,SSP1_Baseline!$C:$C,Results_list!$C$46,SSP1_Baseline!$D:$D,Results_list!$D58,SSP1_Baseline!$B:$B,2025)) -> 0.064163183 | H58: =((SUMIFS(SSP1_VSI!$F:$F,SSP1_VSI!$C:$C,Results_list!$C$46,SSP1_VSI!$D:$D,Results_list!$D58,SSP1_VSI!$B:$B,2040)) - (SUMIFS(SSP1_VSI!$F:$F,SSP1_VSI!$C:$C,Results_list!$C$46,SSP1_VSI!$D:$D,Results_list!$D58,SSP1_VSI!$B:$B,2025))) / (SUMIFS(SSP1_VSI!$F:$F,SSP1_VSI!$C:$C,Results_list!$C$46,SSP1_VSI!$D:$D,Results_list!$D58,SSP1_VSI!$B:$B,2025)) -> 0.064159836 | I58: =ROUND(H58-G58,3) -> 0 | J58: =((SUMIFS(SSP2_Baseline!$E:$E,SSP2_Baseline!$C:$C,Results_list!$C$46,SSP2_Baseline!$D:$D,Results_list!$D58,SSP2_Baseline!$B:$B,2040)) - (SUMIFS(SSP2_Baseline!$E:$E,SSP2_Baseline!$C:$C,Results_list!$C$46,SSP2_Baseline!$D:$D,Results_list!$D58,SSP2_Baseline!$B:$B,2025))) / (SUMIFS(SSP2_Baseline!$E:$E,SSP2_Baseline!$C:$C,Results_list!$C$46,SSP2_Baseline!$D:$D,Results_list!$D58,SSP2_Baseline!$B:$B,2025)) -> 0.065357258 | K58: =((SUMIFS(SSP2_VSI!$F:$F,SSP2_VSI!$C:$C,Results_list!$C$46,SSP2_VSI!$D:$D,Results_list!$D58,SSP2_VSI!$B:$B,2040)) - (SUMIFS(SSP2_VSI!$F:$F,SSP2_VSI!$C:$C,Results_list!$C$46,SSP2_VSI!$D:$D,Results_list!$D58,SSP2_VSI!$B:$B,2025))) / (SUMIFS(SSP2_VSI!$F:$F,SSP2_VSI!$C:$C,Results_list!$C$46,SSP2_VSI!$D:$D,Results_list!$D58,SSP2_VSI!$B:$B,2025)) -> 0.065335283 | L58: =ROUND(K58-J58,2) -> 0 | M58: =((SUMIFS(SSP5_Baseline!$E:$E,SSP5_Baseline!$C:$C,Results_list!$C$46,SSP5_Baseline!$D:$D,Results_list!$D58,SSP5_Baseline!$B:$B,2040)) - (SUMIFS(SSP5_Baseline!$E:$E,SSP5_Baseline!$C:$C,Results_list!$C$46,SSP5_Baseline!$D:$D,Results_list!$D58,SSP5_Baseline!$B:$B,2025))) / (SUMIFS(SSP5_Baseline!$E:$E,SSP5_Baseline!$C:$C,Results_list!$C$46,SSP5_Baseline!$D:$D,Results_list!$D58,SSP5_Baseline!$B:$B,2025)) -> -0.028643849 | N58: =((SUMIFS(SSP5_VSI!$F:$F,SSP5_VSI!$C:$C,Results_list!$C$46,SSP5_VSI!$D:$D,Results_list!$D58,SSP5_VSI!$B:$B,2040)) - (SUMIFS(SSP5_VSI!$F:$F,SSP5_VSI!$C:$C,Results_list!$C$46,SSP5_VSI!$D:$D,Results_list!$D58,SSP5_VSI!$B:$B,2025))) / (SUMIFS(SSP5_VSI!$F:$F,SSP5_VSI!$C:$C,Results_list!$C$46,SSP5_VSI!$D:$D,Results_list!$D58,SSP5_VSI!$B:$B,2025)) -> -0.028636925 | O58: =ROUND(N58-M58,2) -> 0
... D63: ('ReCiPe Midpoint (H)', 'ozone depletion', 'ODPinf') | F63: ODPinf | G63: =((SUMIFS(SSP1_Baseline!$E:$E,SSP1_Baseline!$C:$C,Results_list!$C$46,SSP1_Baseline!$D:$D,Results_list!$D63,SSP1_Baseline!$B:$B,2040)) - (SUMIFS(SSP1_Baseline!$E:$E,SSP1_Baseline!$C:$C,Results_list!$C$46,SSP1_Baseline!$D:$D,Results_list!$D63,SSP1_Baseline!$B:$B,2025))) / (SUMIFS(SSP1_Baseline!$E:$E,SSP1_Baseline!$C:$C,Results_list!$C$46,SSP1_Baseline!$D:$D,Results_list!$D63,SSP1_Baseline!$B:$B,2025)) -> -0.10713521 | H63: =((SUMIFS(SSP1_VSI!$F:$F,SSP1_VSI!$C:$C,Results_list!$C$46,SSP1_VSI!$D:$D,Results_list!$D63,SSP1_VSI!$B:$B,2040)) - (SUMIFS(SSP1_VSI!$F:$F,SSP1_VSI!$C:$C,Results_list!$C$46,SSP1_VSI!$D:$D,Results_list!$D63,SSP1_VSI!$B:$B,2025))) / (SUMIFS(SSP1_VSI!$F:$F,SSP1_VSI!$C:$C,Results_list!$C$46,SSP1_VSI!$D:$D,Results_list!$D63,SSP1_VSI!$B:$B,2025)) -> -0.10713941 | I63: =ROUND(H63-G63,3) -> 0 | J63: =((SUMIFS(SSP2_Baseline!$E:$E,SSP2_Baseline!$C:$C,Results_list!$C$46,SSP2_Baseline!$D:$D,Results_list!$D63,SSP2_Baseline!$B:$B,2040)) - (SUMIFS(SSP2_Baseline!$E:$E,SSP2_Baseline!$C:$C,Results_list!$C$46,SSP2_Baseline!$D:$D,Results_list!$D63,SSP2_Baseline!$B:$B,2025))) / (SUMIFS(SSP2_Baseline!$E:$E,SSP2_Baseline!$C:$C,Results_list!$C$46,SSP2_Baseline!$D:$D,Results_list!$D63,SSP2_Baseline!$B:$B,2025)) -> -0.15776567 | K63: =((SUMIFS(SSP2_VSI!$F:$F,SSP2_VSI!$C:$C,Results_list!$C$46,SSP2_VSI!$D:$D,Results_list!$D63,SSP2_VSI!$B:$B,2040)) - (SUMIFS(SSP2_VSI!$F:$F,SSP2_VSI!$C:$C,Results_list!$C$46,SSP2_VSI!$D:$D,Results_list!$D63,SSP2_VSI!$B:$B,2025))) / (SUMIFS(SSP2_VSI!$F:$F,SSP2_VSI!$C:$C,Results_list!$C$46,SSP2_VSI!$D:$D,Results_list!$D63,SSP2_VSI!$B:$B,2025)) -> -0.15777595 | L63: =ROUND(K63-J63,2) -> 0 | M63: =((SUMIFS(SSP5_Baseline!$E:$E,SSP5_Baseline!$C:$C,Results_list!$C$46,SSP5_Baseline!$D:$D,Results_list!$D63,SSP5_Baseline!$B:$B,2040)) - (SUMIFS(SSP5_Baseline!$E:$E,SSP5_Baseline!$C:$C,Results_list!$C$46,SSP5_Baseline!$D:$D,Results_list!$D63,SSP5_Baseline!$B:$B,2025))) / (SUMIFS(SSP5_Baseline!$E:$E,SSP5_Baseline!$C:$C,Results_list!$C$46,SSP5_Baseline!$D:$D,Results_list!$D63,SSP5_Baseline!$B:$B,2025)) -> 0.12591396 | N63: =((SUMIFS(SSP5_VSI!$F:$F,SSP5_VSI!$C:$C,Results_list!$C$46,SSP5_VSI!$D:$D,Results_list!$D63,SSP5_VSI!$B:$B,2040)) - (SUMIFS(SSP5_VSI!$F:$F,SSP5_VSI!$C:$C,Results_list!$C$46,SSP5_VSI!$D:$D,Results_list!$D63,SSP5_VSI!$B:$B,2025))) / (SUMIFS(SSP5_VSI!$F:$F,SSP5_VSI!$C:$C,Results_list!$C$46,SSP5_VSI!$D:$D,Results_list!$D63,SSP5_VSI!$B:$B,2025)) -> 0.12592342 | O63: =ROUND(N63-M63,2) -> 0
G65: Scenario
B66: Activity | C66: Activity | D66: Impact Category | F66: Impact Mitigation | G66: SSP1 | H66: SSP1 + VSI | I66: Δ% | J66: SSP2 | K66: SSP2 + VSI | L66: Δ% | M66: SSP5 | N66: SSP5 + VSI | O66: Δ%
B67: nickel mine operation and benefication to nickel concentrate, 16% Ni (CA-QC) | C67: nickel mine operation and benefication to nickel concentrate, 16% Ni | D67: ('ReCiPe Midpoint (H)', 'terrestrial ecotoxicity', 'TETPinf') | F67: TETPinf | G67: =((SUMIFS(SSP1_Baseline!$E:$E,SSP1_Baseline!$C:$C,Results_list!$C$67,SSP1_Baseline!$D:$D,Results_list!$D67,SSP1_Baseline!$B:$B,2040)) - (SUMIFS(SSP1_Baseline!$E:$E,SSP1_Baseline!$C:$C,Results_list!$C$67,SSP1_Baseline!$D:$D,Results_list!$D67,SSP1_Baseline!$B:$B,2025))) / (SUMIFS(SSP1_Baseline!$E:$E,SSP1_Baseline!$C:$C,Results_list!$C$67,SSP1_Baseline!$D:$D,Results_list!$D67,SSP1_Baseline!$B:$B,2025)) -> -0.04339081 | H67: =((SUMIFS(SSP1_VSI!$F:$F,SSP1_VSI!$C:$C,Results_list!$C$67,SSP1_VSI!$D:$D,Results_list!$D67,SSP1_VSI!$B:$B,2040)) - (SUMIFS(SSP1_VSI!$F:$F,SSP1_VSI!$C:$C,Results_list!$C$67,SSP1_VSI!$D:$D,Results_list!$D67,SSP1_VSI!$B:$B,2025))) / (SUMIFS(SSP1_VSI!$F:$F,SSP1_VSI!$C:$C,Results_list!$C$67,SSP1_VSI!$D:$D,Results_list!$D67,SSP1_VSI!$B:$B,2025)) -> -0.043411306 | I67: =ROUND(H67-G67,3) -> 0 | J67: =((SUMIFS(SSP2_Baseline!$E:$E,SSP2_Baseline!$C:$C,Results_list!$C$67,SSP2_Baseline!$D:$D,Results_list!$D67,SSP2_Baseline!$B:$B,2040)) - (SUMIFS(SSP2_Baseline!$E:$E,SSP2_Baseline!$C:$C,Results_list!$C$67,SSP2_Baseline!$D:$D,Results_list!$D67,SSP2_Baseline!$B:$B,2025))) / (SUMIFS(SSP2_Baseline!$E:$E,SSP2_Baseline!$C:$C,Results_list!$C$67,SSP2_Baseline!$D:$D,Results_list!$D67,SSP2_Baseline!$B:$B,2025)) -> 0.30535933 | K67: =((SUMIFS(SSP2_VSI!$F:$F,SSP2_VSI!$C:$C,Results_list!$C$67,SSP2_VSI!$D:$D,Results_list!$D67,SSP2_VSI!$B:$B,2040)) - (SUMIFS(SSP2_VSI!$F:$F,SSP2_VSI!$C:$C,Results_list!$C$67,SSP2_VSI!$D:$D,Results_list!$D67,SSP2_VSI!$B:$B,2025))) / (SUMIFS(SSP2_VSI!$F:$F,SSP2_VSI!$C:$C,Results_list!$C$67,SSP2_VSI!$D:$D,Results_list!$D67,SSP2_VSI!$B:$B,2025)) -> 0.3052602 | L67: =ROUND(K67-J67,2) -> 0 | M67: =((SUMIFS(SSP5_Baseline!$E:$E,SSP5_Baseline!$C:$C,Results_list!$C$67,SSP5_Baseline!$D:$D,Results_list!$D67,SSP5_Baseline!$B:$B,2040)) - (SUMIFS(SSP5_Baseline!$E:$E,SSP5_Baseline!$C:$C,Results_list!$C$67,SSP5_Baseline!$D:$D,Results_list!$D67,SSP5_Baseline!$B:$B,2025))) / (SUMIFS(SSP5_Baseline!$E:$E,SSP5_Baseline!$C:$C,Results_list!$C$67,SSP5_Baseline!$D:$D,Results_list!$D67,SSP5_Baseline!$B:$B,2025)) -> 0.48293546 | N67: =((SUMIFS(SSP5_VSI!$F:$F,SSP5_VSI!$C:$C,Results_list!$C$67,SSP5_VSI!$D:$D,Results_list!$D67,SSP5_VSI!$B:$B,2040)) - (SUMIFS(SSP5_VSI!$F:$F,SSP5_VSI!$C:$C,Results_list!$C$67,SSP5_VSI!$D:$D,Results_list!$D67,SSP5_VSI!$B:$B,2025))) / (SUMIFS(SSP5_VSI!$F:$F,SSP5_VSI!$C:$C,Results_list!$C$67,SSP5_VSI!$D:$D,Results_list!$D67,SSP5_VSI!$B:$B,2025)) -> 0.48288986 | O67: =ROUND(N67-M67,2) -> 0
D68: ('ReCiPe Midpoint (H)', 'natural land transformation', 'NLTP') | F68: NLTP | G68: =((SUMIFS(SSP1_Baseline!$E:$E,SSP1_Baseline!$C:$C,Results_list!$C$67,SSP1_Baseline!$D:$D,Results_list!$D68,SSP1_Baseline!$B:$B,2040)) - (SUMIFS(SSP1_Baseline!$E:$E,SSP1_Baseline!$C:$C,Results_list!$C$67,SSP1_Baseline!$D:$D,Results_list!$D68,SSP1_Baseline!$B:$B,2025))) / (SUMIFS(SSP1_Baseline!$E:$E,SSP1_Baseline!$C:$C,Results_list!$C$67,SSP1_Baseline!$D:$D,Results_list!$D68,SSP1_Baseline!$B:$B,2025)) -> 0.079042676 | H68: =((SUMIFS(SSP1_VSI!$F:$F,SSP1_VSI!$C:$C,Results_list!$C$67,SSP1_VSI!$D:$D,Results_list!$D68,SSP1_VSI!$B:$B,2040)) - (SUMIFS(SSP1_VSI!$F:$F,SSP1_VSI!$C:$C,Results_list!$C$67,SSP1_VSI!$D:$D,Results_list!$D68,SSP1_VSI!$B:$B,2025))) / (SUMIFS(SSP1_VSI!$F:$F,SSP1_VSI!$C:$C,Results_list!$C$67,SSP1_VSI!$D:$D,Results_list!$D68,SSP1_VSI!$B:$B,2025)) -> 0.079040213 | I68: =ROUND(H68-G68,3) -> 0 | J68: =((SUMIFS(SSP2_Baseline!$E:$E,SSP2_Baseline!$C:$C,Results_list!$C$67,SSP2_Baseline!$D:$D,Results_list!$D68,SSP2_Baseline!$B:$B,2040)) - (SUMIFS(SSP2_Baseline!$E:$E,SSP2_Baseline!$C:$C,Results_list!$C$67,SSP2_Baseline!$D:$D,Results_list!$D68,SSP2_Baseline!$B:$B,2025))) / (SUMIFS(SSP2_Baseline!$E:$E,SSP2_Baseline!$C:$C,Results_list!$C$67,SSP2_Baseline!$D:$D,Results_list!$D68,SSP2_Baseline!$B:$B,2025)) -> 0.071354427 | K68: =((SUMIFS(SSP2_VSI!$F:$F,SSP2_VSI!$C:$C,Results_list!$C$67,SSP2_VSI!$D:$D,Results_list!$D68,SSP2_VSI!$B:$B,2040)) - (SUMIFS(SSP2_VSI!$F:$F,SSP2_VSI!$C:$C,Results_list!$C$67,SSP2_VSI!$D:$D,Results_list!$D68,SSP2_VSI!$B:$B,2025))) / (SUMIFS(SSP2_VSI!$F:$F,SSP2_VSI!$C:$C,Results_list!$C$67,SSP2_VSI!$D:$D,Results_list!$D68,SSP2_VSI!$B:$B,2025)) -> 0.071350068 | L68: =ROUND(K68-J68,2) -> 0 | M68: =((SUMIFS(SSP5_Baseline!$E:$E,SSP5_Baseline!$C:$C,Results_list!$C$67,SSP5_Baseline!$D:$D,Results_list!$D68,SSP5_Baseline!$B:$B,2040)) - (SUMIFS(SSP5_Baseline!$E:$E,SSP5_Baseline!$C:$C,Results_list!$C$67,SSP5_Baseline!$D:$D,Results_list!$D68,SSP5_Baseline!$B:$B,2025))) / (SUMIFS(SSP5_Baseline!$E:$E,SSP5_Baseline!$C:$C,Results_list!$C$67,SSP5_Baseline!$D:$D,Results_list!$D68,SSP5_Baseline!$B:$B,2025)) -> 0.0042952096 | N68: =((SUMIFS(SSP5_VSI!$F:$F,SSP5_VSI!$C:$C,Results_list!$C$67,SSP5_VSI!$D:$D,Results_list!$D68,SSP5_VSI!$B:$B,2040)) - (SUMIFS(SSP5_VSI!$F:$F,SSP5_VSI!$C:$C,Results_list!$C$67,SSP5_VSI!$D:$D,Results_list!$D68,SSP5_VSI!$B:$B,2025))) / (SUMIFS(SSP5_VSI!$F:$F,SSP5_VSI!$C:$C,Results_list!$C$67,SSP5_VSI!$D:$D,Results_list!$D68,SSP5_VSI!$B:$B,2025)) -> 0.0042898264 | O68: =ROUND(N68-M68,2) -> 0
D69: ('ReCiPe Midpoint (H)', 'photochemical oxidant formation', 'POFP') | F69: POFP | G69: =((SUMIFS(SSP1_Baseline!$E:$E,SSP1_Baseline!$C:$C,Results_list!$C$67,SSP1_Baseline!$D:$D,Results_list!$D69,SSP1_Baseline!$B:$B,2040)) - (SUMIFS(SSP1_Baseline!$E:$E,SSP1_Baseline!$C:$C,Results_list!$C$67,SSP1_Baseline!$D:$D,Results_list!$D69,SSP1_Baseline!$B:$B,2025))) / (SUMIFS(SSP1_Baseline!$E:$E,SSP1_Baseline!$C:$C,Results_list!$C$67,SSP1_Baseline!$D:$D,Results_list!$D69,SSP1_Baseline!$B:$B,2025)) -> 0.081759646 | H69: =((SUMIFS(SSP1_VSI!$F:$F,SSP1_VSI!$C:$C,Results_list!$C$67,SSP1_VSI!$D:$D,Results_list!$D69,SSP1_VSI!$B:$B,2040)) - (SUMIFS(SSP1_VSI!$F:$F,SSP1_VSI!$C:$C,Results_list!$C$67,SSP1_VSI!$D:$D,Results_list!$D69,SSP1_VSI!$B:$B,2025))) / (SUMIFS(SSP1_VSI!$F:$F,SSP1_VSI!$C:$C,Results_list!$C$67,SSP1_VSI!$D:$D,Results_list!$D69,SSP1_VSI!$B:$B,2025)) -> 0.081569336 | I69: =ROUND(H69-G69,3) -> 0 | J69: =((SUMIFS(SSP2_Baseline!$E:$E,SSP2_Baseline!$C:$C,Results_list!$C$67,SSP2_Baseline!$D:$D,Results_list!$D69,SSP2_Baseline!$B:$B,2040)) - (SUMIFS(SSP2_Baseline!$E:$E,SSP2_Baseline!$C:$C,Results_list!$C$67,SSP2_Baseline!$D:$D,Results_list!$D69,SSP2_Baseline!$B:$B,2025))) / (SUMIFS(SSP2_Baseline!$E:$E,SSP2_Baseline!$C:$C,Results_list!$C$67,SSP2_Baseline!$D:$D,Results_list!$D69,SSP2_Baseline!$B:$B,2025)) -> 0.08947602 | K69: =((SUMIFS(SSP2_VSI!$F:$F,SSP2_VSI!$C:$C,Results_list!$C$67,SSP2_VSI!$D:$D,Results_list!$D69,SSP2_VSI!$B:$B,2040)) - (SUMIFS(SSP2_VSI!$F:$F,SSP2_VSI!$C:$C,Results_list!$C$67,SSP2_VSI!$D:$D,Results_list!$D69,SSP2_VSI!$B:$B,2025))) / (SUMIFS(SSP2_VSI!$F:$F,SSP2_VSI!$C:$C,Results_list!$C$67,SSP2_VSI!$D:$D,Results_list!$D69,SSP2_VSI!$B:$B,2025)) -> 0.089296352 | L69: =ROUND(K69-J69,2) -> 0 | M69: =((SUMIFS(SSP5_Baseline!$E:$E,SSP5_Baseline!$C:$C,Results_list!$C$67,SSP5_Baseline!$D:$D,Results_list!$D69,SSP5_Baseline!$B:$B,2040)) - (SUMIFS(SSP5_Baseline!$E:$E,SSP5_Baseline!$C:$C,Results_list!$C$67,SSP5_Baseline!$D:$D,Results_list!$D69,SSP5_Baseline!$B:$B,2025))) / (SUMIFS(SSP5_Baseline!$E:$E,SSP5_Baseline!$C:$C,Results_list!$C$67,SSP5_Baseline!$D:$D,Results_list!$D69,SSP5_Baseline!$B:$B,2025)) -> 0.091863206 | N69: =((SUMIFS(SSP5_VSI!$F:$F,SSP5_VSI!$C:$C,Results_list!$C$67,SSP5_VSI!$D:$D,Results_list!$D69,SSP5_VSI!$B:$B,2040)) - (SUMIFS(SSP5_VSI!$F:$F,SSP5_VSI!$C:$C,Results_list!$C$67,SSP5_VSI!$D:$D,Results_list!$D69,SSP5_VSI!$B:$B,2025))) / (SUMIFS(SSP5_VSI!$F:$F,SSP5_VSI!$C:$C,Results_list!$C$67,SSP5_VSI!$D:$D,Results_list!$D69,SSP5_VSI!$B:$B,2025)) -> 0.091676634 | O69: =ROUND(N69-M69,2) -> 0
D70: ('ReCiPe Midpoint (H)', 'human toxicity', 'HTPinf') | F70: HTPinf | G70: =((SUMIFS(SSP1_Baseline!$E:$E,SSP1_Baseline!$C:$C,Results_list!$C$67,SSP1_Baseline!$D:$D,Results_list!$D70,SSP1_Baseline!$B:$B,2040)) - (SUMIFS(SSP1_Baseline!$E:$E,SSP1_Baseline!$C:$C,Results_list!$C$67,SSP1_Baseline!$D:$D,Results_list!$D70,SSP1_Baseline!$B:$B,2025))) / (SUMIFS(SSP1_Baseline!$E:$E,SSP1_Baseline!$C:$C,Results_list!$C$67,SSP1_Baseline!$D:$D,Results_list!$D70,SSP1_Baseline!$B:$B,2025)) -> 0.0090080589 | H70: =((SUMIFS(SSP1_VSI!$F:$F,SSP1_VSI!$C:$C,Results_list!$C$67,SSP1_VSI!$D:$D,Results_list!$D70,SSP1_VSI!$B:$B,2040)) - (SUMIFS(SSP1_VSI!$F:$F,SSP1_VSI!$C:$C,Results_list!$C$67,SSP1_VSI!$D:$D,Results_list!$D70,SSP1_VSI!$B:$B,2025))) / (SUMIFS(SSP1_VSI!$F:$F,SSP1_VSI!$C:$C,Results_list!$C$67,SSP1_VSI!$D:$D,Results_list!$D70,SSP1_VSI!$B:$B,2025)) -> 0.0090048623 | I70: =ROUND(H70-G70,3) -> 0 | J70: =((SUMIFS(SSP2_Baseline!$E:$E,SSP2_Baseline!$C:$C,Results_list!$C$67,SSP2_Baseline!$D:$D,Results_list!$D70,SSP2_Baseline!$B:$B,2040)) - (SUMIFS(SSP2_Baseline!$E:$E,SSP2_Baseline!$C:$C,Results_list!$C$67,SSP2_Baseline!$D:$D,Results_list!$D70,SSP2_Baseline!$B:$B,2025))) / (SUMIFS(SSP2_Baseline!$E:$E,SSP2_Baseline!$C:$C,Results_list!$C$67,SSP2_Baseline!$D:$D,Results_list!$D70,SSP2_Baseline!$B:$B,2025)) -> 0.035293515 | K70: =((SUMIFS(SSP2_VSI!$F:$F,SSP2_VSI!$C:$C,Results_list!$C$67,SSP2_VSI!$D:$D,Results_list!$D70,SSP2_VSI!$B:$B,2040)) - (SUMIFS(SSP2_VSI!$F:$F,SSP2_VSI!$C:$C,Results_list!$C$67,SSP2_VSI!$D:$D,Results_list!$D70,SSP2_VSI!$B:$B,2025))) / (SUMIFS(SSP2_VSI!$F:$F,SSP2_VSI!$C:$C,Results_list!$C$67,SSP2_VSI!$D:$D,Results_list!$D70,SSP2_VSI!$B:$B,2025)) -> 0.035288327 | L70: =ROUND(K70-J70,2) -> 0 | M70: =((SUMIFS(SSP5_Baseline!$E:$E,SSP5_Baseline!$C:$C,Results_list!$C$67,SSP5_Baseline!$D:$D,Results_list!$D70,SSP5_Baseline!$B:$B,2040)) - (SUMIFS(SSP5_Baseline!$E:$E,SSP5_Baseline!$C:$C,Results_list!$C$67,SSP5_Baseline!$D:$D,Results_list!$D70,SSP5_Baseline!$B:$B,2025))) / (SUMIFS(SSP5_Baseline!$E:$E,SSP5_Baseline!$C:$C,Results_list!$C$67,SSP5_Baseline!$D:$D,Results_list!$D70,SSP5_Baseline!$B:$B,2025)) -> 0.00033264693 | N70: =((SUMIFS(SSP5_VSI!$F:$F,SSP5_VSI!$C:$C,Results_list!$C$67,SSP5_VSI!$D:$D,Results_list!$D70,SSP5_VSI!$B:$B,2040)) - (SUMIFS(SSP5_VSI!$F:$F,SSP5_VSI!$C:$C,Results_list!$C$67,SSP5_VSI!$D:$D,Results_list!$D70,SSP5_VSI!$B:$B,2025))) / (SUMIFS(SSP5_VSI!$F:$F,SSP5_VSI!$C:$C,Results_list!$C$67,SSP5_VSI!$D:$D,Results_list!$D70,SSP5_VSI!$B:$B,2025)) -> 0.00033458292 | O70: =ROUND(N70-M70,2) -> 0
D71: ('ReCiPe Midpoint (H)', 'marine eutrophication', 'MEP') | F71: MEP | G71: =((SUMIFS(SSP1_Baseline!$E:$E,SSP1_Baseline!$C:$C,Results_list!$C$67,SSP1_Baseline!$D:$D,Results_list!$D71,SSP1_Baseline!$B:$B,2040)) - (SUMIFS(SSP1_Baseline!$E:$E,SSP1_Baseline!$C:$C,Results_list!$C$67,SSP1_Baseline!$D:$D,Results_list!$D71,SSP1_Baseline!$B:$B,2025))) / (SUMIFS(SSP1_Baseline!$E:$E,SSP1_Baseline!$C:$C,Results_list!$C$67,SSP1_Baseline!$D:$D,Results_list!$D71,SSP1_Baseline!$B:$B,2025)) -> 0.084034891 | H71: =((SUMIFS(SSP1_VSI!$F:$F,SSP1_VSI!$C:$C,Results_list!$C$67,SSP1_VSI!$D:$D,Results_list!$D71,SSP1_VSI!$B:$B,2040)) - (SUMIFS(SSP1_VSI!$F:$F,SSP1_VSI!$C:$C,Results_list!$C$67,SSP1_VSI!$D:$D,Results_list!$D71,SSP1_VSI!$B:$B,2025))) / (SUMIFS(SSP1_VSI!$F:$F,SSP1_VSI!$C:$C,Results_list!$C$67,SSP1_VSI!$D:$D,Results_list!$D71,SSP1_VSI!$B:$B,2025)) -> 0.084008444 | I71: =ROUND(H71-G71,3) -> 0 | J71: =((SUMIFS(SSP2_Baseline!$E:$E,SSP2_Baseline!$C:$C,Results_list!$C$67,SSP2_Baseline!$D:$D,Results_list!$D71,SSP2_Baseline!$B:$B,2040)) - (SUMIFS(SSP2_Baseline!$E:$E,SSP2_Baseline!$C:$C,Results_list!$C$67,SSP2_Baseline!$D:$D,Results_list!$D71,SSP2_Baseline!$B:$B,2025))) / (SUMIFS(SSP2_Baseline!$E:$E,SSP2_Baseline!$C:$C,Results_list!$C$67,SSP2_Baseline!$D:$D,Results_list!$D71,SSP2_Baseline!$B:$B,2025)) -> 0.14817304 | K71: =((SUMIFS(SSP2_VSI!$F:$F,SSP2_VSI!$C:$C,Results_list!$C$67,SSP2_VSI!$D:$D,Results_list!$D71,SSP2_VSI!$B:$B,2040)) - (SUMIFS(SSP2_VSI!$F:$F,SSP2_VSI!$C:$C,Results_list!$C$67,SSP2_VSI!$D:$D,Results_list!$D71,SSP2_VSI!$B:$B,2025))) / (SUMIFS(SSP2_VSI!$F:$F,SSP2_VSI!$C:$C,Results_list!$C$67,SSP2_VSI!$D:$D,Results_list!$D71,SSP2_VSI!$B:$B,2025)) -> 0.14815626 | L71: =ROUND(K71-J71,2) -> 0 | M71: =((SUMIFS(SSP5_Baseline!$E:$E,SSP5_Baseline!$C:$C,Results_list!$C$67,SSP5_Baseline!$D:$D,Results_list!$D71,SSP5_Baseline!$B:$B,2040)) - (SUMIFS(SSP5_Baseline!$E:$E,SSP5_Baseline!$C:$C,Results_list!$C$67,SSP5_Baseline!$D:$D,Results_list!$D71,SSP5_Baseline!$B:$B,2025))) / (SUMIFS(SSP5_Baseline!$E:$E,SSP5_Baseline!$C:$C,Results_list!$C$67,SSP5_Baseline!$D:$D,Results_list!$D71,SSP5_Baseline!$B:$B,2025)) -> 0.1243167 | N71: =((SUMIFS(SSP5_VSI!$F:$F,SSP5_VSI!$C:$C,Results_list!$C$67,SSP5_VSI!$D:$D,Results_list!$D71,SSP5_VSI!$B:$B,2040)) - (SUMIFS(SSP5_VSI!$F:$F,SSP5_VSI!$C:$C,Results_list!$C$67,SSP5_VSI!$D:$D,Results_list!$D71,SSP5_VSI!$B:$B,2025))) / (SUMIFS(SSP5_VSI!$F:$F,SSP5_VSI!$C:$C,Results_list!$C$67,SSP5_VSI!$D:$D,Results_list!$D71,SSP5_VSI!$B:$B,2025)) -> 0.12429323 | O71: =ROUND(N71-M71,2) -> 0
D72: ('IPCC 2013', 'climate change', 'GWP 100a, incl. H and bio CO2') | F72: GWP100 | G72: =((SUMIFS(SSP1_Baseline!$E:$E,SSP1_Baseline!$C:$C,Results_list!$C$67,SSP1_Baseline!$D:$D,Results_list!$D72,SSP1_Baseline!$B:$B,2040)) - (SUMIFS(SSP1_Baseline!$E:$E,SSP1_Baseline!$C:$C,Results_list!$C$67,SSP1_Baseline!$D:$D,Results_list!$D72,SSP1_Baseline!$B:$B,2025))) / (SUMIFS(SSP1_Baseline!$E:$E,SSP1_Baseline!$C:$C,Results_list!$C$67,SSP1_Baseline!$D:$D,Results_list!$D72,SSP1_Baseline!$B:$B,2025)) -> -0.073665841 | H72: =((SUMIFS(SSP1_VSI!$F:$F,SSP1_VSI!$C:$C,Results_list!$C$67,SSP1_VSI!$D:$D,Results_list!$D72,SSP1_VSI!$B:$B,2040)) - (SUMIFS(SSP1_VSI!$F:$F,SSP1_VSI!$C:$C,Results_list!$C$67,SSP1_VSI!$D:$D,Results_list!$D72,SSP1_VSI!$B:$B,2025))) / (SUMIFS(SSP1_VSI!$F:$F,SSP1_VSI!$C:$C,Results_list!$C$67,SSP1_VSI!$D:$D,Results_list!$D72,SSP1_VSI!$B:$B,2025)) -> -0.073710686 | I72: =ROUND(H72-G72,3) -> 0 | J72: =((SUMIFS(SSP2_Baseline!$E:$E,SSP2_Baseline!$C:$C,Results_list!$C$67,SSP2_Baseline!$D:$D,Results_list!$D72,SSP2_Baseline!$B:$B,2040)) - (SUMIFS(SSP2_Baseline!$E:$E,SSP2_Baseline!$C:$C,Results_list!$C$67,SSP2_Baseline!$D:$D,Results_list!$D72,SSP2_Baseline!$B:$B,2025))) / (SUMIFS(SSP2_Baseline!$E:$E,SSP2_Baseline!$C:$C,Results_list!$C$67,SSP2_Baseline!$D:$D,Results_list!$D72,SSP2_Baseline!$B:$B,2025)) -> 0.024176184 | K72: =((SUMIFS(SSP2_VSI!$F:$F,SSP2_VSI!$C:$C,Results_list!$C$67,SSP2_VSI!$D:$D,Results_list!$D72,SSP2_VSI!$B:$B,2040)) - (SUMIFS(SSP2_VSI!$F:$F,SSP2_VSI!$C:$C,Results_list!$C$67,SSP2_VSI!$D:$D,Results_list!$D72,SSP2_VSI!$B:$B,2025))) / (SUMIFS(SSP2_VSI!$F:$F,SSP2_VSI!$C:$C,Results_list!$C$67,SSP2_VSI!$D:$D,Results_list!$D72,SSP2_VSI!$B:$B,2025)) -> 0.024171658 | L72: =ROUND(K72-J72,2) -> 0 | M72: =((SUMIFS(SSP5_Baseline!$E:$E,SSP5_Baseline!$C:$C,Results_list!$C$67,SSP5_Baseline!$D:$D,Results_list!$D72,SSP5_Baseline!$B:$B,2040)) - (SUMIFS(SSP5_Baseline!$E:$E,SSP5_Baseline!$C:$C,Results_list!$C$67,SSP5_Baseline!$D:$D,Results_list!$D72,SSP5_Baseline!$B:$B,2025))) / (SUMIFS(SSP5_Baseline!$E:$E,SSP5_Baseline!$C:$C,Results_list!$C$67,SSP5_Baseline!$D:$D,Results_list!$D72,SSP5_Baseline!$B:$B,2025)) -> -0.029877887 | N72: =((SUMIFS(SSP5_VSI!$F:$F,SSP5_VSI!$C:$C,Results_list!$C$67,SSP5_VSI!$D:$D,Results_list!$D72,SSP5_VSI!$B:$B,2040)) - (SUMIFS(SSP5_VSI!$F:$F,SSP5_VSI!$C:$C,Results_list!$C$67,SSP5_VSI!$D:$D,Results_list!$D72,SSP5_VSI!$B:$B,2025))) / (SUMIFS(SSP5_VSI!$F:$F,SSP5_VSI!$C:$C,Results_list!$C$67,SSP5_VSI!$D:$D,Results_list!$D72,SSP5_VSI!$B:$B,2025)) -> -0.029874203 | O72: =ROUND(N72-M72,2) -> 0
D73: ('ReCiPe Midpoint (H)', 'particulate matter formation', 'PMFP') | F73: PMFP | G73: =((SUMIFS(SSP1_Baseline!$E:$E,SSP1_Baseline!$C:$C,Results_list!$C$67,SSP1_Baseline!$D:$D,Results_list!$D73,SSP1_Baseline!$B:$B,2040)) - (SUMIFS(SSP1_Baseline!$E:$E,SSP1_Baseline!$C:$C,Results_list!$C$67,SSP1_Baseline!$D:$D,Results_list!$D73,SSP1_Baseline!$B:$B,2025))) / (SUMIFS(SSP1_Baseline!$E:$E,SSP1_Baseline!$C:$C,Results_list!$C$67,SSP1_Baseline!$D:$D,Results_list!$D73,SSP1_Baseline!$B:$B,2025)) -> 0.03560594 | H73: =((SUMIFS(SSP1_VSI!$F:$F,SSP1_VSI!$C:$C,Results_list!$C$67,SSP1_VSI!$D:$D,Results_list!$D73,SSP1_VSI!$B:$B,2040)) - (SUMIFS(SSP1_VSI!$F:$F,SSP1_VSI!$C:$C,Results_list!$C$67,SSP1_VSI!$D:$D,Results_list!$D73,SSP1_VSI!$B:$B,2025))) / (SUMIFS(SSP1_VSI!$F:$F,SSP1_VSI!$C:$C,Results_list!$C$67,SSP1_VSI!$D:$D,Results_list!$D73,SSP1_VSI!$B:$B,2025)) -> 0.034585592 | I73: =ROUND(H73-G73,3) -> -0.001 | J73: =((SUMIFS(SSP2_Baseline!$E:$E,SSP2_Baseline!$C:$C,Results_list!$C$67,SSP2_Baseline!$D:$D,Results_list!$D73,SSP2_Baseline!$B:$B,2040)) - (SUMIFS(SSP2_Baseline!$E:$E,SSP2_Baseline!$C:$C,Results_list!$C$67,SSP2_Baseline!$D:$D,Results_list!$D73,SSP2_Baseline!$B:$B,2025))) / (SUMIFS(SSP2_Baseline!$E:$E,SSP2_Baseline!$C:$C,Results_list!$C$67,SSP2_Baseline!$D:$D,Results_list!$D73,SSP2_Baseline!$B:$B,2025)) -> 0.051127094 | K73: =((SUMIFS(SSP2_VSI!$F:$F,SSP2_VSI!$C:$C,Results_list!$C$67,SSP2_VSI!$D:$D,Results_list!$D73,SSP2_VSI!$B:$B,2040)) - (SUMIFS(SSP2_VSI!$F:$F,SSP2_VSI!$C:$C,Results_list!$C$67,SSP2_VSI!$D:$D,Results_list!$D73,SSP2_VSI!$B:$B,2025))) / (SUMIFS(SSP2_VSI!$F:$F,SSP2_VSI!$C:$C,Results_list!$C$67,SSP2_VSI!$D:$D,Results_list!$D73,SSP2_VSI!$B:$B,2025)) -> 0.050097409 | L73: =ROUND(K73-J73,2) -> 0 | M73: =((SUMIFS(SSP5_Baseline!$E:$E,SSP5_Baseline!$C:$C,Results_list!$C$67,SSP5_Baseline!$D:$D,Results_list!$D73,SSP5_Baseline!$B:$B,2040)) - (SUMIFS(SSP5_Baseline!$E:$E,SSP5_Baseline!$C:$C,Results_list!$C$67,SSP5_Baseline!$D:$D,Results_list!$D73,SSP5_Baseline!$B:$B,2025))) / (SUMIFS(SSP5_Baseline!$E:$E,SSP5_Baseline!$C:$C,Results_list!$C$67,SSP5_Baseline!$D:$D,Results_list!$D73,SSP5_Baseline!$B:$B,2025)) -> 0.045864557 | N73: =((SUMIFS(SSP5_VSI!$F:$F,SSP5_VSI!$C:$C,Results_list!$C$67,SSP5_VSI!$D:$D,Results_list!$D73,SSP5_VSI!$B:$B,2040)) - (SUMIFS(SSP5_VSI!$F:$F,SSP5_VSI!$C:$C,Results_list!$C$67,SSP5_VSI!$D:$D,Results_list!$D73,SSP5_VSI!$B:$B,2025))) / (SUMIFS(SSP5_VSI!$F:$F,SSP5_VSI!$C:$C,Results_list!$C$67,SSP5_VSI!$D:$D,Results_list!$D73,SSP5_VSI!$B:$B,2025)) -> 0.044801401 | O73: =ROUND(N73-M73,2) -> 0
D74: ('ReCiPe Midpoint (H)', 'agricultural land occupation', 'ALOP') | F74: ALOP | G74: =((SUMIFS(SSP1_Baseline!$E:$E,SSP1_Baseline!$C:$C,Results_list!$C$67,SSP1_Baseline!$D:$D,Results_list!$D74,SSP1_Baseline!$B:$B,2040)) - (SUMIFS(SSP1_Baseline!$E:$E,SSP1_Baseline!$C:$C,Results_list!$C$67,SSP1_Baseline!$D:$D,Results_list!$D74,SSP1_Baseline!$B:$B,2025))) / (SUMIFS(SSP1_Baseline!$E:$E,SSP1_Baseline!$C:$C,Results_list!$C$67,SSP1_Baseline!$D:$D,Results_list!$D74,SSP1_Baseline!$B:$B,2025)) -> 2.9350708 | H74: =((SUMIFS(SSP1_VSI!$F:$F,SSP1_VSI!$C:$C,Results_list!$C$67,SSP1_VSI!$D:$D,Results_list!$D74,SSP1_VSI!$B:$B,2040)) - (SUMIFS(SSP1_VSI!$F:$F,SSP1_VSI!$C:$C,Results_list!$C$67,SSP1_VSI!$D:$D,Results_list!$D74,SSP1_VSI!$B:$B,2025))) / (SUMIFS(SSP1_VSI!$F:$F,SSP1_VSI!$C:$C,Results_list!$C$67,SSP1_VSI!$D:$D,Results_list!$D74,SSP1_VSI!$B:$B,2025)) -> 2.9350783 | I74: =ROUND(H74-G74,3) -> 0 | J74: =((SUMIFS(SSP2_Baseline!$E:$E,SSP2_Baseline!$C:$C,Results_list!$C$67,SSP2_Baseline!$D:$D,Results_list!$D74,SSP2_Baseline!$B:$B,2040)) - (SUMIFS(SSP2_Baseline!$E:$E,SSP2_Baseline!$C:$C,Results_list!$C$67,SSP2_Baseline!$D:$D,Results_list!$D74,SSP2_Baseline!$B:$B,2025))) / (SUMIFS(SSP2_Baseline!$E:$E,SSP2_Baseline!$C:$C,Results_list!$C$67,SSP2_Baseline!$D:$D,Results_list!$D74,SSP2_Baseline!$B:$B,2025)) -> 4.9708661 | K74: =((SUMIFS(SSP2_VSI!$F:$F,SSP2_VSI!$C:$C,Results_list!$C$67,SSP2_VSI!$D:$D,Results_list!$D74,SSP2_VSI!$B:$B,2040)) - (SUMIFS(SSP2_VSI!$F:$F,SSP2_VSI!$C:$C,Results_list!$C$67,SSP2_VSI!$D:$D,Results_list!$D74,SSP2_VSI!$B:$B,2025))) / (SUMIFS(SSP2_VSI!$F:$F,SSP2_VSI!$C:$C,Results_list!$C$67,SSP2_VSI!$D:$D,Results_list!$D74,SSP2_VSI!$B:$B,2025)) -> 4.9707794 | L74: =ROUND(K74-J74,2) -> 0 | M74: =((SUMIFS(SSP5_Baseline!$E:$E,SSP5_Baseline!$C:$C,Results_list!$C$67,SSP5_Baseline!$D:$D,Results_list!$D74,SSP5_Baseline!$B:$B,2040)) - (SUMIFS(SSP5_Baseline!$E:$E,SSP5_Baseline!$C:$C,Results_list!$C$67,SSP5_Baseline!$D:$D,Results_list!$D74,SSP5_Baseline!$B:$B,2025))) / (SUMIFS(SSP5_Baseline!$E:$E,SSP5_Baseline!$C:$C,Results_list!$C$67,SSP5_Baseline!$D:$D,Results_list!$D74,SSP5_Baseline!$B:$B,2025)) -> 2.0856655 | N74: =((SUMIFS(SSP5_VSI!$F:$F,SSP5_VSI!$C:$C,Results_list!$C$67,SSP5_VSI!$D:$D,Results_list!$D74,SSP5_VSI!$B:$B,2040)) - (SUMIFS(SSP5_VSI!$F:$F,SSP5_VSI!$C:$C,Results_list!$C$67,SSP5_VSI!$D:$D,Results_list!$D74,SSP5_VSI!$B:$B,2025))) / (SUMIFS(SSP5_VSI!$F:$F,SSP5_VSI!$C:$C,Results_list!$C$67,SSP5_VSI!$D:$D,Results_list!$D74,SSP5_VSI!$B:$B,2025)) -> 2.0856528 | O74: =ROUND(N74-M74,2) -> 0
D75: ('ReCiPe Midpoint (H)', 'freshwater eutrophication', 'FEP') | F75: FEP | G75: =((SUMIFS(SSP1_Baseline!$E:$E,SSP1_Baseline!$C:$C,Results_list!$C$67,SSP1_Baseline!$D:$D,Results_list!$D75,SSP1_Baseline!$B:$B,2040)) - (SUMIFS(SSP1_Baseline!$E:$E,SSP1_Baseline!$C:$C,Results_list!$C$67,SSP1_Baseline!$D:$D,Results_list!$D75,SSP1_Baseline!$B:$B,2025))) / (SUMIFS(SSP1_Baseline!$E:$E,SSP1_Baseline!$C:$C,Results_list!$C$67,SSP1_Baseline!$D:$D,Results_list!$D75,SSP1_Baseline!$B:$B,2025)) -> 0.022160432 | H75: =((SUMIFS(SSP1_VSI!$F:$F,SSP1_VSI!$C:$C,Results_list!$C$67,SSP1_VSI!$D:$D,Results_list!$D75,SSP1_VSI!$B:$B,2040)) - (SUMIFS(SSP1_VSI!$F:$F,SSP1_VSI!$C:$C,Results_list!$C$67,SSP1_VSI!$D:$D,Results_list!$D75,SSP1_VSI!$B:$B,2025))) / (SUMIFS(SSP1_VSI!$F:$F,SSP1_VSI!$C:$C,Results_list!$C$67,SSP1_VSI!$D:$D,Results_list!$D75,SSP1_VSI!$B:$B,2025)) -> 0.022163175 | I75: =ROUND(H75-G75,3) -> 0 | J75: =((SUMIFS(SSP2_Baseline!$E:$E,SSP2_Baseline!$C:$C,Results_list!$C$67,SSP2_Baseline!$D:$D,Results_list!$D75,SSP2_Baseline!$B:$B,2040)) - (SUMIFS(SSP2_Baseline!$E:$E,SSP2_Baseline!$C:$C,Results_list!$C$67,SSP2_Baseline!$D:$D,Results_list!$D75,SSP2_Baseline!$B:$B,2025))) / (SUMIFS(SSP2_Baseline!$E:$E,SSP2_Baseline!$C:$C,Results_list!$C$67,SSP2_Baseline!$D:$D,Results_list!$D75,SSP2_Baseline!$B:$B,2025)) -> 0.085125814 | K75: =((SUMIFS(SSP2_VSI!$F:$F,SSP2_VSI!$C:$C,Results_list!$C$67,SSP2_VSI!$D:$D,Results_list!$D75,SSP2_VSI!$B:$B,2040)) - (SUMIFS(SSP2_VSI!$F:$F,SSP2_VSI!$C:$C,Results_list!$C$67,SSP2_VSI!$D:$D,Results_list!$D75,SSP2_VSI!$B:$B,2025))) / (SUMIFS(SSP2_VSI!$F:$F,SSP2_VSI!$C:$C,Results_list!$C$67,SSP2_VSI!$D:$D,Results_list!$D75,SSP2_VSI!$B:$B,2025)) -> 0.085126078 | L75: =ROUND(K75-J75,2) -> 0 | M75: =((SUMIFS(SSP5_Baseline!$E:$E,SSP5_Baseline!$C:$C,Results_list!$C$67,SSP5_Baseline!$D:$D,Results_list!$D75,SSP5_Baseline!$B:$B,2040)) - (SUMIFS(SSP5_Baseline!$E:$E,SSP5_Baseline!$C:$C,Results_list!$C$67,SSP5_Baseline!$D:$D,Results_list!$D75,SSP5_Baseline!$B:$B,2025))) / (SUMIFS(SSP5_Baseline!$E:$E,SSP5_Baseline!$C:$C,Results_list!$C$67,SSP5_Baseline!$D:$D,Results_list!$D75,SSP5_Baseline!$B:$B,2025)) -> 0.0019138166 | N75: =((SUMIFS(SSP5_VSI!$F:$F,SSP5_VSI!$C:$C,Results_list!$C$67,SSP5_VSI!$D:$D,Results_list!$D75,SSP5_VSI!$B:$B,2040)) - (SUMIFS(SSP5_VSI!$F:$F,SSP5_VSI!$C:$C,Results_list!$C$67,SSP5_VSI!$D:$D,Results_list!$D75,SSP5_VSI!$B:$B,2025))) / (SUMIFS(SSP5_VSI!$F:$F,SSP5_VSI!$C:$C,Results_list!$C$67,SSP5_VSI!$D:$D,Results_list!$D75,SSP5_VSI!$B:$B,2025)) -> 0.0019298232 | O75: =ROUND(N75-M75,2) -> 0
D76: ('ReCiPe Midpoint (H)', 'metal depletion', 'MDP') | F76: MDP | G76: =((SUMIFS(SSP1_Baseline!$E:$E,SSP1_Baseline!$C:$C,Results_list!$C$67,SSP1_Baseline!$D:$D,Results_list!$D76,SSP1_Baseline!$B:$B,2040)) - (SUMIFS(SSP1_Baseline!$E:$E,SSP1_Baseline!$C:$C,Results_list!$C$67,SSP1_Baseline!$D:$D,Results_list!$D76,SSP1_Baseline!$B:$B,2025))) / (SUMIFS(SSP1_Baseline!$E:$E,SSP1_Baseline!$C:$C,Results_list!$C$67,SSP1_Baseline!$D:$D,Results_list!$D76,SSP1_Baseline!$B:$B,2025)) -> 0.00024947301 | H76: =((SUMIFS(SSP1_VSI!$F:$F,SSP1_VSI!$C:$C,Results_list!$C$67,SSP1_VSI!$D:$D,Results_list!$D76,SSP1_VSI!$B:$B,2040)) - (SUMIFS(SSP1_VSI!$F:$F,SSP1_VSI!$C:$C,Results_list!$C$67,SSP1_VSI!$D:$D,Results_list!$D76,SSP1_VSI!$B:$B,2025))) / (SUMIFS(SSP1_VSI!$F:$F,SSP1_VSI!$C:$C,Results_list!$C$67,SSP1_VSI!$D:$D,Results_list!$D76,SSP1_VSI!$B:$B,2025)) -> 0.00024950159 | I76: =ROUND(H76-G76,3) -> 0 | J76: =((SUMIFS(SSP2_Baseline!$E:$E,SSP2_Baseline!$C:$C,Results_list!$C$67,SSP2_Baseline!$D:$D,Results_list!$D76,SSP2_Baseline!$B:$B,2040)) - (SUMIFS(SSP2_Baseline!$E:$E,SSP2_Baseline!$C:$C,Results_list!$C$67,SSP2_Baseline!$D:$D,Results_list!$D76,SSP2_Baseline!$B:$B,2025))) / (SUMIFS(SSP2_Baseline!$E:$E,SSP2_Baseline!$C:$C,Results_list!$C$67,SSP2_Baseline!$D:$D,Results_list!$D76,SSP2_Baseline!$B:$B,2025)) -> 0.00031198601 | K76: =((SUMIFS(SSP2_VSI!$F:$F,SSP2_VSI!$C:$C,Results_list!$C$67,SSP2_VSI!$D:$D,Results_list!$D76,SSP2_VSI!$B:$B,2040)) - (SUMIFS(SSP2_VSI!$F:$F,SSP2_VSI!$C:$C,Results_list!$C$67,SSP2_VSI!$D:$D,Results_list!$D76,SSP2_VSI!$B:$B,2025))) / (SUMIFS(SSP2_VSI!$F:$F,SSP2_VSI!$C:$C,Results_list!$C$67,SSP2_VSI!$D:$D,Results_list!$D76,SSP2_VSI!$B:$B,2025)) -> 0.00031198065 | L76: =ROUND(K76-J76,2) -> 0 | M76: =((SUMIFS(SSP5_Baseline!$E:$E,SSP5_Baseline!$C:$C,Results_list!$C$67,SSP5_Baseline!$D:$D,Results_list!$D76,SSP5_Baseline!$B:$B,2040)) - (SUMIFS(SSP5_Baseline!$E:$E,SSP5_Baseline!$C:$C,Results_list!$C$67,SSP5_Baseline!$D:$D,Results_list!$D76,SSP5_Baseline!$B:$B,2025))) / (SUMIFS(SSP5_Baseline!$E:$E,SSP5_Baseline!$C:$C,Results_list!$C$67,SSP5_Baseline!$D:$D,Results_list!$D76,SSP5_Baseline!$B:$B,2025)) -> 0.00012347978 | N76: =((SUMIFS(SSP5_VSI!$F:$F,SSP5_VSI!$C:$C,Results_list!$C$67,SSP5_VSI!$D:$D,Results_list!$D76,SSP5_VSI!$B:$B,2040)) - (SUMIFS(SSP5_VSI!$F:$F,SSP5_VSI!$C:$C,Results_list!$C$67,SSP5_VSI!$D:$D,Results_list!$D76,SSP5_VSI!$B:$B,2025))) / (SUMIFS(SSP5_VSI!$F:$F,SSP5_VSI!$C:$C,Results_list!$C$67,SSP5_VSI!$D:$D,Results_list!$D76,SSP5_VSI!$B:$B,2025)) -> 0.00012352577 | O76: =ROUND(N76-M76,2) -> 0
D77: ('ReCiPe Midpoint (H)', 'terrestrial acidification', 'TAP100') | F77: TAP100 | G77: =((SUMIFS(SSP1_Baseline!$E:$E,SSP1_Baseline!$C:$C,Results_list!$C$67,SSP1_Baseline!$D:$D,Results_list!$D77,SSP1_Baseline!$B:$B,2040)) - (SUMIFS(SSP1_Baseline!$E:$E,SSP1_Baseline!$C:$C,Results_list!$C$67,SSP1_Baseline!$D:$D,Results_list!$D77,SSP1_Baseline!$B:$B,2025))) / (SUMIFS(SSP1_Baseline!$E:$E,SSP1_Baseline!$C:$C,Results_list!$C$67,SSP1_Baseline!$D:$D,Results_list!$D77,SSP1_Baseline!$B:$B,2025)) -> 0.045667496 | H77: =((SUMIFS(SSP1_VSI!$F:$F,SSP1_VSI!$C:$C,Results_list!$C$67,SSP1_VSI!$D:$D,Results_list!$D77,SSP1_VSI!$B:$B,2040)) - (SUMIFS(SSP1_VSI!$F:$F,SSP1_VSI!$C:$C,Results_list!$C$67,SSP1_VSI!$D:$D,Results_list!$D77,SSP1_VSI!$B:$B,2025))) / (SUMIFS(SSP1_VSI!$F:$F,SSP1_VSI!$C:$C,Results_list!$C$67,SSP1_VSI!$D:$D,Results_list!$D77,SSP1_VSI!$B:$B,2025)) -> 0.043365236 | I77: =ROUND(H77-G77,3) -> -0.002 | J77: =((SUMIFS(SSP2_Baseline!$E:$E,SSP2_Baseline!$C:$C,Results_list!$C$67,SSP2_Baseline!$D:$D,Results_list!$D77,SSP2_Baseline!$B:$B,2040)) - (SUMIFS(SSP2_Baseline!$E:$E,SSP2_Baseline!$C:$C,Results_list!$C$67,SSP2_Baseline!$D:$D,Results_list!$D77,SSP2_Baseline!$B:$B,2025))) / (SUMIFS(SSP2_Baseline!$E:$E,SSP2_Baseline!$C:$C,Results_list!$C$67,SSP2_Baseline!$D:$D,Results_list!$D77,SSP2_Baseline!$B:$B,2025)) -> 0.084703339 | K77: =((SUMIFS(SSP2_VSI!$F:$F,SSP2_VSI!$C:$C,Results_list!$C$67,SSP2_VSI!$D:$D,Results_list!$D77,SSP2_VSI!$B:$B,2040)) - (SUMIFS(SSP2_VSI!$F:$F,SSP2_VSI!$C:$C,Results_list!$C$67,SSP2_VSI!$D:$D,Results_list!$D77,SSP2_VSI!$B:$B,2025))) / (SUMIFS(SSP2_VSI!$F:$F,SSP2_VSI!$C:$C,Results_list!$C$67,SSP2_VSI!$D:$D,Results_list!$D77,SSP2_VSI!$B:$B,2025)) -> 0.082300393 | L77: =ROUND(K77-J77,2) -> 0 | M77: =((SUMIFS(SSP5_Baseline!$E:$E,SSP5_Baseline!$C:$C,Results_list!$C$67,SSP5_Baseline!$D:$D,Results_list!$D77,SSP5_Baseline!$B:$B,2040)) - (SUMIFS(SSP5_Baseline!$E:$E,SSP5_Baseline!$C:$C,Results_list!$C$67,SSP5_Baseline!$D:$D,Results_list!$D77,SSP5_Baseline!$B:$B,2025))) / (SUMIFS(SSP5_Baseline!$E:$E,SSP5_Baseline!$C:$C,Results_list!$C$67,SSP5_Baseline!$D:$D,Results_list!$D77,SSP5_Baseline!$B:$B,2025)) -> 0.066312036 | N77: =((SUMIFS(SSP5_VSI!$F:$F,SSP5_VSI!$C:$C,Results_list!$C$67,SSP5_VSI!$D:$D,Results_list!$D77,SSP5_VSI!$B:$B,2040)) - (SUMIFS(SSP5_VSI!$F:$F,SSP5_VSI!$C:$C,Results_list!$C$67,SSP5_VSI!$D:$D,Results_list!$D77,SSP5_VSI!$B:$B,2025))) / (SUMIFS(SSP5_VSI!$F:$F,SSP5_VSI!$C:$C,Results_list!$C$67,SSP5_VSI!$D:$D,Results_list!$D77,SSP5_VSI!$B:$B,2025)) -> 0.063917308 | O77: =ROUND(N77-M77,2) -> 0
D78: ('ReCiPe Midpoint (H)', 'water depletion', 'WDP') | F78: WDP | G78: =((SUMIFS(SSP1_Baseline!$E:$E,SSP1_Baseline!$C:$C,Results_list!$C$67,SSP1_Baseline!$D:$D,Results_list!$D78,SSP1_Baseline!$B:$B,2040)) - (SUMIFS(SSP1_Baseline!$E:$E,SSP1_Baseline!$C:$C,Results_list!$C$67,SSP1_Baseline!$D:$D,Results_list!$D78,SSP1_Baseline!$B:$B,2025))) / (SUMIFS(SSP1_Baseline!$E:$E,SSP1_Baseline!$C:$C,Results_list!$C$67,SSP1_Baseline!$D:$D,Results_list!$D78,SSP1_Baseline!$B:$B,2025)) -> -0.008602528 | H78: =((SUMIFS(SSP1_VSI!$F:$F,SSP1_VSI!$C:$C,Results_list!$C$67,SSP1_VSI!$D:$D,Results_list!$D78,SSP1_VSI!$B:$B,2040)) - (SUMIFS(SSP1_VSI!$F:$F,SSP1_VSI!$C:$C,Results_list!$C$67,SSP1_VSI!$D:$D,Results_list!$D78,SSP1_VSI!$B:$B,2025))) / (SUMIFS(SSP1_VSI!$F:$F,SSP1_VSI!$C:$C,Results_list!$C$67,SSP1_VSI!$D:$D,Results_list!$D78,SSP1_VSI!$B:$B,2025)) -> -0.0086029967 | I78: =ROUND(H78-G78,3) -> 0 | J78: =((SUMIFS(SSP2_Baseline!$E:$E,SSP2_Baseline!$C:$C,Results_list!$C$67,SSP2_Baseline!$D:$D,Results_list!$D78,SSP2_Baseline!$B:$B,2040)) - (SUMIFS(SSP2_Baseline!$E:$E,SSP2_Baseline!$C:$C,Results_list!$C$67,SSP2_Baseline!$D:$D,Results_list!$D78,SSP2_Baseline!$B:$B,2025))) / (SUMIFS(SSP2_Baseline!$E:$E,SSP2_Baseline!$C:$C,Results_list!$C$67,SSP2_Baseline!$D:$D,Results_list!$D78,SSP2_Baseline!$B:$B,2025)) -> 0.041182774 | K78: =((SUMIFS(SSP2_VSI!$F:$F,SSP2_VSI!$C:$C,Results_list!$C$67,SSP2_VSI!$D:$D,Results_list!$D78,SSP2_VSI!$B:$B,2040)) - (SUMIFS(SSP2_VSI!$F:$F,SSP2_VSI!$C:$C,Results_list!$C$67,SSP2_VSI!$D:$D,Results_list!$D78,SSP2_VSI!$B:$B,2025))) / (SUMIFS(SSP2_VSI!$F:$F,SSP2_VSI!$C:$C,Results_list!$C$67,SSP2_VSI!$D:$D,Results_list!$D78,SSP2_VSI!$B:$B,2025)) -> 0.041182256 | L78: =ROUND(K78-J78,2) -> 0 | M78: =((SUMIFS(SSP5_Baseline!$E:$E,SSP5_Baseline!$C:$C,Results_list!$C$67,SSP5_Baseline!$D:$D,Results_list!$D78,SSP5_Baseline!$B:$B,2040)) - (SUMIFS(SSP5_Baseline!$E:$E,SSP5_Baseline!$C:$C,Results_list!$C$67,SSP5_Baseline!$D:$D,Results_list!$D78,SSP5_Baseline!$B:$B,2025))) / (SUMIFS(SSP5_Baseline!$E:$E,SSP5_Baseline!$C:$C,Results_list!$C$67,SSP5_Baseline!$D:$D,Results_list!$D78,SSP5_Baseline!$B:$B,2025)) -> 0.042539257 | N78: =((SUMIFS(SSP5_VSI!$F:$F,SSP5_VSI!$C:$C,Results_list!$C$67,SSP5_VSI!$D:$D,Results_list!$D78,SSP5_VSI!$B:$B,2040)) - (SUMIFS(SSP5_VSI!$F:$F,SSP5_VSI!$C:$C,Results_list!$C$67,SSP5_VSI!$D:$D,Results_list!$D78,SSP5_VSI!$B:$B,2025))) / (SUMIFS(SSP5_VSI!$F:$F,SSP5_VSI!$C:$C,Results_list!$C$67,SSP5_VSI!$D:$D,Results_list!$D78,SSP5_VSI!$B:$B,2025)) -> 0.042541145 | O78: =ROUND(N78-M78,2) -> 0
D79: ('ReCiPe Midpoint (H)', 'urban land occupation', 'ULOP') | F79: ULOP | G79: =((SUMIFS(SSP1_Baseline!$E:$E,SSP1_Baseline!$C:$C,Results_list!$C$67,SSP1_Baseline!$D:$D,Results_list!$D79,SSP1_Baseline!$B:$B,2040)) - (SUMIFS(SSP1_Baseline!$E:$E,SSP1_Baseline!$C:$C,Results_list!$C$67,SSP1_Baseline!$D:$D,Results_list!$D79,SSP1_Baseline!$B:$B,2025))) / (SUMIFS(SSP1_Baseline!$E:$E,SSP1_Baseline!$C:$C,Results_list!$C$67,SSP1_Baseline!$D:$D,Results_list!$D79,SSP1_Baseline!$B:$B,2025)) -> 0.082988368 | H79: =((SUMIFS(SSP1_VSI!$F:$F,SSP1_VSI!$C:$C,Results_list!$C$67,SSP1_VSI!$D:$D,Results_list!$D79,SSP1_VSI!$B:$B,2040)) - (SUMIFS(SSP1_VSI!$F:$F,SSP1_VSI!$C:$C,Results_list!$C$67,SSP1_VSI!$D:$D,Results_list!$D79,SSP1_VSI!$B:$B,2025))) / (SUMIFS(SSP1_VSI!$F:$F,SSP1_VSI!$C:$C,Results_list!$C$67,SSP1_VSI!$D:$D,Results_list!$D79,SSP1_VSI!$B:$B,2025)) -> 0.082987086 | I79: =ROUND(H79-G79,3) -> 0 | J79: =((SUMIFS(SSP2_Baseline!$E:$E,SSP2_Baseline!$C:$C,Results_list!$C$67,SSP2_Baseline!$D:$D,Results_list!$D79,SSP2_Baseline!$B:$B,2040)) - (SUMIFS(SSP2_Baseline!$E:$E,SSP2_Baseline!$C:$C,Results_list!$C$67,SSP2_Baseline!$D:$D,Results_list!$D79,SSP2_Baseline!$B:$B,2025))) / (SUMIFS(SSP2_Baseline!$E:$E,SSP2_Baseline!$C:$C,Results_list!$C$67,SSP2_Baseline!$D:$D,Results_list!$D79,SSP2_Baseline!$B:$B,2025)) -> 0.094115505 | K79: =((SUMIFS(SSP2_VSI!$F:$F,SSP2_VSI!$C:$C,Results_list!$C$67,SSP2_VSI!$D:$D,Results_list!$D79,SSP2_VSI!$B:$B,2040)) - (SUMIFS(SSP2_VSI!$F:$F,SSP2_VSI!$C:$C,Results_list!$C$67,SSP2_VSI!$D:$D,Results_list!$D79,SSP2_VSI!$B:$B,2025))) / (SUMIFS(SSP2_VSI!$F:$F,SSP2_VSI!$C:$C,Results_list!$C$67,SSP2_VSI!$D:$D,Results_list!$D79,SSP2_VSI!$B:$B,2025)) -> 0.094102092 | L79: =ROUND(K79-J79,2) -> 0 | M79: =((SUMIFS(SSP5_Baseline!$E:$E,SSP5_Baseline!$C:$C,Results_list!$C$67,SSP5_Baseline!$D:$D,Results_list!$D79,SSP5_Baseline!$B:$B,2040)) - (SUMIFS(SSP5_Baseline!$E:$E,SSP5_Baseline!$C:$C,Results_list!$C$67,SSP5_Baseline!$D:$D,Results_list!$D79,SSP5_Baseline!$B:$B,2025))) / (SUMIFS(SSP5_Baseline!$E:$E,SSP5_Baseline!$C:$C,Results_list!$C$67,SSP5_Baseline!$D:$D,Results_list!$D79,SSP5_Baseline!$B:$B,2025)) -> 0.010938142 | N79: =((SUMIFS(SSP5_VSI!$F:$F,SSP5_VSI!$C:$C,Results_list!$C$67,SSP5_VSI!$D:$D,Results_list!$D79,SSP5_VSI!$B:$B,2040)) - (SUMIFS(SSP5_VSI!$F:$F,SSP5_VSI!$C:$C,Results_list!$C$67,SSP5_VSI!$D:$D,Results_list!$D79,SSP5_VSI!$B:$B,2025))) / (SUMIFS(SSP5_VSI!$F:$F,SSP5_VSI!$C:$C,Results_list!$C$67,SSP5_VSI!$D:$D,Results_list!$D79,SSP5_VSI!$B:$B,2025)) -> 0.010942692 | O79: =ROUND(N79-M79,2) -> 0
... D84: ('ReCiPe Midpoint (H)', 'ozone depletion', 'ODPinf') | F84: ODPinf | G84: =((SUMIFS(SSP1_Baseline!$E:$E,SSP1_Baseline!$C:$C,Results_list!$C$67,SSP1_Baseline!$D:$D,Results_list!$D84,SSP1_Baseline!$B:$B,2040)) - (SUMIFS(SSP1_Baseline!$E:$E,SSP1_Baseline!$C:$C,Results_list!$C$67,SSP1_Baseline!$D:$D,Results_list!$D84,SSP1_Baseline!$B:$B,2025))) / (SUMIFS(SSP1_Baseline!$E:$E,SSP1_Baseline!$C:$C,Results_list!$C$67,SSP1_Baseline!$D:$D,Results_list!$D84,SSP1_Baseline!$B:$B,2025)) -> -0.19469801 | H84: =((SUMIFS(SSP1_VSI!$F:$F,SSP1_VSI!$C:$C,Results_list!$C$67,SSP1_VSI!$D:$D,Results_list!$D84,SSP1_VSI!$B:$B,2040)) - (SUMIFS(SSP1_VSI!$F:$F,SSP1_VSI!$C:$C,Results_list!$C$67,SSP1_VSI!$D:$D,Results_list!$D84,SSP1_VSI!$B:$B,2025))) / (SUMIFS(SSP1_VSI!$F:$F,SSP1_VSI!$C:$C,Results_list!$C$67,SSP1_VSI!$D:$D,Results_list!$D84,SSP1_VSI!$B:$B,2025)) -> -0.19470519 | I84: =ROUND(H84-G84,3) -> 0 | J84: =((SUMIFS(SSP2_Baseline!$E:$E,SSP2_Baseline!$C:$C,Results_list!$C$67,SSP2_Baseline!$D:$D,Results_list!$D84,SSP2_Baseline!$B:$B,2040)) - (SUMIFS(SSP2_Baseline!$E:$E,SSP2_Baseline!$C:$C,Results_list!$C$67,SSP2_Baseline!$D:$D,Results_list!$D84,SSP2_Baseline!$B:$B,2025))) / (SUMIFS(SSP2_Baseline!$E:$E,SSP2_Baseline!$C:$C,Results_list!$C$67,SSP2_Baseline!$D:$D,Results_list!$D84,SSP2_Baseline!$B:$B,2025)) -> -0.29208381 | K84: =((SUMIFS(SSP2_VSI!$F:$F,SSP2_VSI!$C:$C,Results_list!$C$67,SSP2_VSI!$D:$D,Results_list!$D84,SSP2_VSI!$B:$B,2040)) - (SUMIFS(SSP2_VSI!$F:$F,SSP2_VSI!$C:$C,Results_list!$C$67,SSP2_VSI!$D:$D,Results_list!$D84,SSP2_VSI!$B:$B,2025))) / (SUMIFS(SSP2_VSI!$F:$F,SSP2_VSI!$C:$C,Results_list!$C$67,SSP2_VSI!$D:$D,Results_list!$D84,SSP2_VSI!$B:$B,2025)) -> -0.29210096 | L84: =ROUND(K84-J84,2) -> 0 | M84: =((SUMIFS(SSP5_Baseline!$E:$E,SSP5_Baseline!$C:$C,Results_list!$C$67,SSP5_Baseline!$D:$D,Results_list!$D84,SSP5_Baseline!$B:$B,2040)) - (SUMIFS(SSP5_Baseline!$E:$E,SSP5_Baseline!$C:$C,Results_list!$C$67,SSP5_Baseline!$D:$D,Results_list!$D84,SSP5_Baseline!$B:$B,2025))) / (SUMIFS(SSP5_Baseline!$E:$E,SSP5_Baseline!$C:$C,Results_list!$C$67,SSP5_Baseline!$D:$D,Results_list!$D84,SSP5_Baseline!$B:$B,2025)) -> -0.063498099 | N84: =((SUMIFS(SSP5_VSI!$F:$F,SSP5_VSI!$C:$C,Results_list!$C$67,SSP5_VSI!$D:$D,Results_list!$D84,SSP5_VSI!$B:$B,2040)) - (SUMIFS(SSP5_VSI!$F:$F,SSP5_VSI!$C:$C,Results_list!$C$67,SSP5_VSI!$D:$D,Results_list!$D84,SSP5_VSI!$B:$B,2025))) / (SUMIFS(SSP5_VSI!$F:$F,SSP5_VSI!$C:$C,Results_list!$C$67,SSP5_VSI!$D:$D,Results_list!$D84,SSP5_VSI!$B:$B,2025)) -> -0.063489033 | O84: =ROUND(N84-M84,2) -> 0
G86: Scenario
B87: Activity | C87: Activity | D87: Impact Category | F87: Impact Mitigation | G87: SSP1 | H87: SSP1 + VSI | I87: Δ% | J87: SSP2 | K87: SSP2 + VSI | L87: Δ% | M87: SSP5 | N87: SSP5 + VSI | O87: Δ%
B88: processing of nickel-rich materials (GLO) | C88: processing of nickel-rich materials | D88: ('ReCiPe Midpoint (H)', 'terrestrial ecotoxicity', 'TETPinf') | F88: TETPinf | G88: =((SUMIFS(SSP1_Baseline!$E:$E,SSP1_Baseline!$C:$C,Results_list!$C$88,SSP1_Baseline!$D:$D,Results_list!$D88,SSP1_Baseline!$B:$B,2040)) - (SUMIFS(SSP1_Baseline!$E:$E,SSP1_Baseline!$C:$C,Results_list!$C$88,SSP1_Baseline!$D:$D,Results_list!$D88,SSP1_Baseline!$B:$B,2025))) / (SUMIFS(SSP1_Baseline!$E:$E,SSP1_Baseline!$C:$C,Results_list!$C$88,SSP1_Baseline!$D:$D,Results_list!$D88,SSP1_Baseline!$B:$B,2025)) -> -0.12812473 | H88: =((SUMIFS(SSP1_VSI!$F:$F,SSP1_VSI!$C:$C,Results_list!$C$88,SSP1_VSI!$D:$D,Results_list!$D88,SSP1_VSI!$B:$B,2040)) - (SUMIFS(SSP1_VSI!$F:$F,SSP1_VSI!$C:$C,Results_list!$C$88,SSP1_VSI!$D:$D,Results_list!$D88,SSP1_VSI!$B:$B,2025))) / (SUMIFS(SSP1_VSI!$F:$F,SSP1_VSI!$C:$C,Results_list!$C$88,SSP1_VSI!$D:$D,Results_list!$D88,SSP1_VSI!$B:$B,2025)) -> -0.12813638 | I88: =ROUND(H88-G88,3) -> 0 | J88: =((SUMIFS(SSP2_Baseline!$E:$E,SSP2_Baseline!$C:$C,Results_list!$C$88,SSP2_Baseline!$D:$D,Results_list!$D88,SSP2_Baseline!$B:$B,2040)) - (SUMIFS(SSP2_Baseline!$E:$E,SSP2_Baseline!$C:$C,Results_list!$C$88,SSP2_Baseline!$D:$D,Results_list!$D88,SSP2_Baseline!$B:$B,2025))) / (SUMIFS(SSP2_Baseline!$E:$E,SSP2_Baseline!$C:$C,Results_list!$C$88,SSP2_Baseline!$D:$D,Results_list!$D88,SSP2_Baseline!$B:$B,2025)) -> 0.44897636 | K88: =((SUMIFS(SSP2_VSI!$F:$F,SSP2_VSI!$C:$C,Results_list!$C$88,SSP2_VSI!$D:$D,Results_list!$D88,SSP2_VSI!$B:$B,2040)) - (SUMIFS(SSP2_VSI!$F:$F,SSP2_VSI!$C:$C,Results_list!$C$88,SSP2_VSI!$D:$D,Results_list!$D88,SSP2_VSI!$B:$B,2025))) / (SUMIFS(SSP2_VSI!$F:$F,SSP2_VSI!$C:$C,Results_list!$C$88,SSP2_VSI!$D:$D,Results_list!$D88,SSP2_VSI!$B:$B,2025)) -> 0.44888684 | L88: =ROUND(K88-J88,2) -> 0 | M88: =((SUMIFS(SSP5_Baseline!$E:$E,SSP5_Baseline!$C:$C,Results_list!$C$88,SSP5_Baseline!$D:$D,Results_list!$D88,SSP5_Baseline!$B:$B,2040)) - (SUMIFS(SSP5_Baseline!$E:$E,SSP5_Baseline!$C:$C,Results_list!$C$88,SSP5_Baseline!$D:$D,Results_list!$D88,SSP5_Baseline!$B:$B,2025))) / (SUMIFS(SSP5_Baseline!$E:$E,SSP5_Baseline!$C:$C,Results_list!$C$88,SSP5_Baseline!$D:$D,Results_list!$D88,SSP5_Baseline!$B:$B,2025)) -> 0.74065322 | N88: =((SUMIFS(SSP5_VSI!$F:$F,SSP5_VSI!$C:$C,Results_list!$C$88,SSP5_VSI!$D:$D,Results_list!$D88,SSP5_VSI!$B:$B,2040)) - (SUMIFS(SSP5_VSI!$F:$F,SSP5_VSI!$C:$C,Results_list!$C$88,SSP5_VSI!$D:$D,Results_list!$D88,SSP5_VSI!$B:$B,2025))) / (SUMIFS(SSP5_VSI!$F:$F,SSP5_VSI!$C:$C,Results_list!$C$88,SSP5_VSI!$D:$D,Results_list!$D88,SSP5_VSI!$B:$B,2025)) -> 0.74062306 | O88: =ROUND(N88-M88,2) -> 0
D89: ('ReCiPe Midpoint (H)', 'natural land transformation', 'NLTP') | F89: NLTP | G89: =((SUMIFS(SSP1_Baseline!$E:$E,SSP1_Baseline!$C:$C,Results_list!$C$88,SSP1_Baseline!$D:$D,Results_list!$D89,SSP1_Baseline!$B:$B,2040)) - (SUMIFS(SSP1_Baseline!$E:$E,SSP1_Baseline!$C:$C,Results_list!$C$88,SSP1_Baseline!$D:$D,Results_list!$D89,SSP1_Baseline!$B:$B,2025))) / (SUMIFS(SSP1_Baseline!$E:$E,SSP1_Baseline!$C:$C,Results_list!$C$88,SSP1_Baseline!$D:$D,Results_list!$D89,SSP1_Baseline!$B:$B,2025)) -> 0.035510376 | H89: =((SUMIFS(SSP1_VSI!$F:$F,SSP1_VSI!$C:$C,Results_list!$C$88,SSP1_VSI!$D:$D,Results_list!$D89,SSP1_VSI!$B:$B,2040)) - (SUMIFS(SSP1_VSI!$F:$F,SSP1_VSI!$C:$C,Results_list!$C$88,SSP1_VSI!$D:$D,Results_list!$D89,SSP1_VSI!$B:$B,2025))) / (SUMIFS(SSP1_VSI!$F:$F,SSP1_VSI!$C:$C,Results_list!$C$88,SSP1_VSI!$D:$D,Results_list!$D89,SSP1_VSI!$B:$B,2025)) -> 0.035503876 | I89: =ROUND(H89-G89,3) -> 0 | J89: =((SUMIFS(SSP2_Baseline!$E:$E,SSP2_Baseline!$C:$C,Results_list!$C$88,SSP2_Baseline!$D:$D,Results_list!$D89,SSP2_Baseline!$B:$B,2040)) - (SUMIFS(SSP2_Baseline!$E:$E,SSP2_Baseline!$C:$C,Results_list!$C$88,SSP2_Baseline!$D:$D,Results_list!$D89,SSP2_Baseline!$B:$B,2025))) / (SUMIFS(SSP2_Baseline!$E:$E,SSP2_Baseline!$C:$C,Results_list!$C$88,SSP2_Baseline!$D:$D,Results_list!$D89,SSP2_Baseline!$B:$B,2025)) -> 0.02672771 | K89: =((SUMIFS(SSP2_VSI!$F:$F,SSP2_VSI!$C:$C,Results_list!$C$88,SSP2_VSI!$D:$D,Results_list!$D89,SSP2_VSI!$B:$B,2040)) - (SUMIFS(SSP2_VSI!$F:$F,SSP2_VSI!$C:$C,Results_list!$C$88,SSP2_VSI!$D:$D,Results_list!$D89,SSP2_VSI!$B:$B,2025))) / (SUMIFS(SSP2_VSI!$F:$F,SSP2_VSI!$C:$C,Results_list!$C$88,SSP2_VSI!$D:$D,Results_list!$D89,SSP2_VSI!$B:$B,2025)) -> 0.026713407 | L89: =ROUND(K89-J89,2) -> 0 | M89: =((SUMIFS(SSP5_Baseline!$E:$E,SSP5_Baseline!$C:$C,Results_list!$C$88,SSP5_Baseline!$D:$D,Results_list!$D89,SSP5_Baseline!$B:$B,2040)) - (SUMIFS(SSP5_Baseline!$E:$E,SSP5_Baseline!$C:$C,Results_list!$C$88,SSP5_Baseline!$D:$D,Results_list!$D89,SSP5_Baseline!$B:$B,2025))) / (SUMIFS(SSP5_Baseline!$E:$E,SSP5_Baseline!$C:$C,Results_list!$C$88,SSP5_Baseline!$D:$D,Results_list!$D89,SSP5_Baseline!$B:$B,2025)) -> -0.014159447 | N89: =((SUMIFS(SSP5_VSI!$F:$F,SSP5_VSI!$C:$C,Results_list!$C$88,SSP5_VSI!$D:$D,Results_list!$D89,SSP5_VSI!$B:$B,2040)) - (SUMIFS(SSP5_VSI!$F:$F,SSP5_VSI!$C:$C,Results_list!$C$88,SSP5_VSI!$D:$D,Results_list!$D89,SSP5_VSI!$B:$B,2025))) / (SUMIFS(SSP5_VSI!$F:$F,SSP5_VSI!$C:$C,Results_list!$C$88,SSP5_VSI!$D:$D,Results_list!$D89,SSP5_VSI!$B:$B,2025)) -> -0.014174761 | O89: =ROUND(N89-M89,2) -> 0
D90: ('ReCiPe Midpoint (H)', 'photochemical oxidant formation', 'POFP') | F90: POFP | G90: =((SUMIFS(SSP1_Baseline!$E:$E,SSP1_Baseline!$C:$C,Results_list!$C$88,SSP1_Baseline!$D:$D,Results_list!$D90,SSP1_Baseline!$B:$B,2040)) - (SUMIFS(SSP1_Baseline!$E:$E,SSP1_Baseline!$C:$C,Results_list!$C$88,SSP1_Baseline!$D:$D,Results_list!$D90,SSP1_Baseline!$B:$B,2025))) / (SUMIFS(SSP1_Baseline!$E:$E,SSP1_Baseline!$C:$C,Results_list!$C$88,SSP1_Baseline!$D:$D,Results_list!$D90,SSP1_Baseline!$B:$B,2025)) -> 0.010362538 | H90: =((SUMIFS(SSP1_VSI!$F:$F,SSP1_VSI!$C:$C,Results_list!$C$88,SSP1_VSI!$D:$D,Results_list!$D90,SSP1_VSI!$B:$B,2040)) - (SUMIFS(SSP1_VSI!$F:$F,SSP1_VSI!$C:$C,Results_list!$C$88,SSP1_VSI!$D:$D,Results_list!$D90,SSP1_VSI!$B:$B,2025))) / (SUMIFS(SSP1_VSI!$F:$F,SSP1_VSI!$C:$C,Results_list!$C$88,SSP1_VSI!$D:$D,Results_list!$D90,SSP1_VSI!$B:$B,2025)) -> 0.010077875 | I90: =ROUND(H90-G90,3) -> 0 | J90: =((SUMIFS(SSP2_Baseline!$E:$E,SSP2_Baseline!$C:$C,Results_list!$C$88,SSP2_Baseline!$D:$D,Results_list!$D90,SSP2_Baseline!$B:$B,2040)) - (SUMIFS(SSP2_Baseline!$E:$E,SSP2_Baseline!$C:$C,Results_list!$C$88,SSP2_Baseline!$D:$D,Results_list!$D90,SSP2_Baseline!$B:$B,2025))) / (SUMIFS(SSP2_Baseline!$E:$E,SSP2_Baseline!$C:$C,Results_list!$C$88,SSP2_Baseline!$D:$D,Results_list!$D90,SSP2_Baseline!$B:$B,2025)) -> 0.020400314 | K90: =((SUMIFS(SSP2_VSI!$F:$F,SSP2_VSI!$C:$C,Results_list!$C$88,SSP2_VSI!$D:$D,Results_list!$D90,SSP2_VSI!$B:$B,2040)) - (SUMIFS(SSP2_VSI!$F:$F,SSP2_VSI!$C:$C,Results_list!$C$88,SSP2_VSI!$D:$D,Results_list!$D90,SSP2_VSI!$B:$B,2025))) / (SUMIFS(SSP2_VSI!$F:$F,SSP2_VSI!$C:$C,Results_list!$C$88,SSP2_VSI!$D:$D,Results_list!$D90,SSP2_VSI!$B:$B,2025)) -> 0.020149421 | L90: =ROUND(K90-J90,2) -> 0 | M90: =((SUMIFS(SSP5_Baseline!$E:$E,SSP5_Baseline!$C:$C,Results_list!$C$88,SSP5_Baseline!$D:$D,Results_list!$D90,SSP5_Baseline!$B:$B,2040)) - (SUMIFS(SSP5_Baseline!$E:$E,SSP5_Baseline!$C:$C,Results_list!$C$88,SSP5_Baseline!$D:$D,Results_list!$D90,SSP5_Baseline!$B:$B,2025))) / (SUMIFS(SSP5_Baseline!$E:$E,SSP5_Baseline!$C:$C,Results_list!$C$88,SSP5_Baseline!$D:$D,Results_list!$D90,SSP5_Baseline!$B:$B,2025)) -> 0.036994166 | N90: =((SUMIFS(SSP5_VSI!$F:$F,SSP5_VSI!$C:$C,Results_list!$C$88,SSP5_VSI!$D:$D,Results_list!$D90,SSP5_VSI!$B:$B,2040)) - (SUMIFS(SSP5_VSI!$F:$F,SSP5_VSI!$C:$C,Results_list!$C$88,SSP5_VSI!$D:$D,Results_list!$D90,SSP5_VSI!$B:$B,2025))) / (SUMIFS(SSP5_VSI!$F:$F,SSP5_VSI!$C:$C,Results_list!$C$88,SSP5_VSI!$D:$D,Results_list!$D90,SSP5_VSI!$B:$B,2025)) -> 0.036722461 | O90: =ROUND(N90-M90,2) -> 0
D91: ('ReCiPe Midpoint (H)', 'human toxicity', 'HTPinf') | F91: HTPinf | G91: =((SUMIFS(SSP1_Baseline!$E:$E,SSP1_Baseline!$C:$C,Results_list!$C$88,SSP1_Baseline!$D:$D,Results_list!$D91,SSP1_Baseline!$B:$B,2040)) - (SUMIFS(SSP1_Baseline!$E:$E,SSP1_Baseline!$C:$C,Results_list!$C$88,SSP1_Baseline!$D:$D,Results_list!$D91,SSP1_Baseline!$B:$B,2025))) / (SUMIFS(SSP1_Baseline!$E:$E,SSP1_Baseline!$C:$C,Results_list!$C$88,SSP1_Baseline!$D:$D,Results_list!$D91,SSP1_Baseline!$B:$B,2025)) -> -1.5886215e-05 | H91: =((SUMIFS(SSP1_VSI!$F:$F,SSP1_VSI!$C:$C,Results_list!$C$88,SSP1_VSI!$D:$D,Results_list!$D91,SSP1_VSI!$B:$B,2040)) - (SUMIFS(SSP1_VSI!$F:$F,SSP1_VSI!$C:$C,Results_list!$C$88,SSP1_VSI!$D:$D,Results_list!$D91,SSP1_VSI!$B:$B,2025))) / (SUMIFS(SSP1_VSI!$F:$F,SSP1_VSI!$C:$C,Results_list!$C$88,SSP1_VSI!$D:$D,Results_list!$D91,SSP1_VSI!$B:$B,2025)) -> -2.1178953e-05 | I91: =ROUND(H91-G91,3) -> 0 | J91: =((SUMIFS(SSP2_Baseline!$E:$E,SSP2_Baseline!$C:$C,Results_list!$C$88,SSP2_Baseline!$D:$D,Results_list!$D91,SSP2_Baseline!$B:$B,2040)) - (SUMIFS(SSP2_Baseline!$E:$E,SSP2_Baseline!$C:$C,Results_list!$C$88,SSP2_Baseline!$D:$D,Results_list!$D91,SSP2_Baseline!$B:$B,2025))) / (SUMIFS(SSP2_Baseline!$E:$E,SSP2_Baseline!$C:$C,Results_list!$C$88,SSP2_Baseline!$D:$D,Results_list!$D91,SSP2_Baseline!$B:$B,2025)) -> 0.025098737 | K91: =((SUMIFS(SSP2_VSI!$F:$F,SSP2_VSI!$C:$C,Results_list!$C$88,SSP2_VSI!$D:$D,Results_list!$D91,SSP2_VSI!$B:$B,2040)) - (SUMIFS(SSP2_VSI!$F:$F,SSP2_VSI!$C:$C,Results_list!$C$88,SSP2_VSI!$D:$D,Results_list!$D91,SSP2_VSI!$B:$B,2025))) / (SUMIFS(SSP2_VSI!$F:$F,SSP2_VSI!$C:$C,Results_list!$C$88,SSP2_VSI!$D:$D,Results_list!$D91,SSP2_VSI!$B:$B,2025)) -> 0.025089555 | L91: =ROUND(K91-J91,2) -> 0 | M91: =((SUMIFS(SSP5_Baseline!$E:$E,SSP5_Baseline!$C:$C,Results_list!$C$88,SSP5_Baseline!$D:$D,Results_list!$D91,SSP5_Baseline!$B:$B,2040)) - (SUMIFS(SSP5_Baseline!$E:$E,SSP5_Baseline!$C:$C,Results_list!$C$88,SSP5_Baseline!$D:$D,Results_list!$D91,SSP5_Baseline!$B:$B,2025))) / (SUMIFS(SSP5_Baseline!$E:$E,SSP5_Baseline!$C:$C,Results_list!$C$88,SSP5_Baseline!$D:$D,Results_list!$D91,SSP5_Baseline!$B:$B,2025)) -> 0.0080109426 | N91: =((SUMIFS(SSP5_VSI!$F:$F,SSP5_VSI!$C:$C,Results_list!$C$88,SSP5_VSI!$D:$D,Results_list!$D91,SSP5_VSI!$B:$B,2040)) - (SUMIFS(SSP5_VSI!$F:$F,SSP5_VSI!$C:$C,Results_list!$C$88,SSP5_VSI!$D:$D,Results_list!$D91,SSP5_VSI!$B:$B,2025))) / (SUMIFS(SSP5_VSI!$F:$F,SSP5_VSI!$C:$C,Results_list!$C$88,SSP5_VSI!$D:$D,Results_list!$D91,SSP5_VSI!$B:$B,2025)) -> 0.0080206085 | O91: =ROUND(N91-M91,2) -> 0
D92: ('ReCiPe Midpoint (H)', 'marine eutrophication', 'MEP') | F92: MEP | G92: =((SUMIFS(SSP1_Baseline!$E:$E,SSP1_Baseline!$C:$C,Results_list!$C$88,SSP1_Baseline!$D:$D,Results_list!$D92,SSP1_Baseline!$B:$B,2040)) - (SUMIFS(SSP1_Baseline!$E:$E,SSP1_Baseline!$C:$C,Results_list!$C$88,SSP1_Baseline!$D:$D,Results_list!$D92,SSP1_Baseline!$B:$B,2025))) / (SUMIFS(SSP1_Baseline!$E:$E,SSP1_Baseline!$C:$C,Results_list!$C$88,SSP1_Baseline!$D:$D,Results_list!$D92,SSP1_Baseline!$B:$B,2025)) -> -0.0050336822 | H92: =((SUMIFS(SSP1_VSI!$F:$F,SSP1_VSI!$C:$C,Results_list!$C$88,SSP1_VSI!$D:$D,Results_list!$D92,SSP1_VSI!$B:$B,2040)) - (SUMIFS(SSP1_VSI!$F:$F,SSP1_VSI!$C:$C,Results_list!$C$88,SSP1_VSI!$D:$D,Results_list!$D92,SSP1_VSI!$B:$B,2025))) / (SUMIFS(SSP1_VSI!$F:$F,SSP1_VSI!$C:$C,Results_list!$C$88,SSP1_VSI!$D:$D,Results_list!$D92,SSP1_VSI!$B:$B,2025)) -> -0.0050752829 | I92: =ROUND(H92-G92,3) -> 0 | J92: =((SUMIFS(SSP2_Baseline!$E:$E,SSP2_Baseline!$C:$C,Results_list!$C$88,SSP2_Baseline!$D:$D,Results_list!$D92,SSP2_Baseline!$B:$B,2040)) - (SUMIFS(SSP2_Baseline!$E:$E,SSP2_Baseline!$C:$C,Results_list!$C$88,SSP2_Baseline!$D:$D,Results_list!$D92,SSP2_Baseline!$B:$B,2025))) / (SUMIFS(SSP2_Baseline!$E:$E,SSP2_Baseline!$C:$C,Results_list!$C$88,SSP2_Baseline!$D:$D,Results_list!$D92,SSP2_Baseline!$B:$B,2025)) -> 0.1040186 | K92: =((SUMIFS(SSP2_VSI!$F:$F,SSP2_VSI!$C:$C,Results_list!$C$88,SSP2_VSI!$D:$D,Results_list!$D92,SSP2_VSI!$B:$B,2040)) - (SUMIFS(SSP2_VSI!$F:$F,SSP2_VSI!$C:$C,Results_list!$C$88,SSP2_VSI!$D:$D,Results_list!$D92,SSP2_VSI!$B:$B,2025))) / (SUMIFS(SSP2_VSI!$F:$F,SSP2_VSI!$C:$C,Results_list!$C$88,SSP2_VSI!$D:$D,Results_list!$D92,SSP2_VSI!$B:$B,2025)) -> 0.104002 | L92: =ROUND(K92-J92,2) -> 0 | M92: =((SUMIFS(SSP5_Baseline!$E:$E,SSP5_Baseline!$C:$C,Results_list!$C$88,SSP5_Baseline!$D:$D,Results_list!$D92,SSP5_Baseline!$B:$B,2040)) - (SUMIFS(SSP5_Baseline!$E:$E,SSP5_Baseline!$C:$C,Results_list!$C$88,SSP5_Baseline!$D:$D,Results_list!$D92,SSP5_Baseline!$B:$B,2025))) / (SUMIFS(SSP5_Baseline!$E:$E,SSP5_Baseline!$C:$C,Results_list!$C$88,SSP5_Baseline!$D:$D,Results_list!$D92,SSP5_Baseline!$B:$B,2025)) -> 0.11734263 | N92: =((SUMIFS(SSP5_VSI!$F:$F,SSP5_VSI!$C:$C,Results_list!$C$88,SSP5_VSI!$D:$D,Results_list!$D92,SSP5_VSI!$B:$B,2040)) - (SUMIFS(SSP5_VSI!$F:$F,SSP5_VSI!$C:$C,Results_list!$C$88,SSP5_VSI!$D:$D,Results_list!$D92,SSP5_VSI!$B:$B,2025))) / (SUMIFS(SSP5_VSI!$F:$F,SSP5_VSI!$C:$C,Results_list!$C$88,SSP5_VSI!$D:$D,Results_list!$D92,SSP5_VSI!$B:$B,2025)) -> 0.11730548 | O92: =ROUND(N92-M92,2) -> 0
D93: ('IPCC 2013', 'climate change', 'GWP 100a, incl. H and bio CO2') | F93: GWP100 | G93: =((SUMIFS(SSP1_Baseline!$E:$E,SSP1_Baseline!$C:$C,Results_list!$C$88,SSP1_Baseline!$D:$D,Results_list!$D93,SSP1_Baseline!$B:$B,2040)) - (SUMIFS(SSP1_Baseline!$E:$E,SSP1_Baseline!$C:$C,Results_list!$C$88,SSP1_Baseline!$D:$D,Results_list!$D93,SSP1_Baseline!$B:$B,2025))) / (SUMIFS(SSP1_Baseline!$E:$E,SSP1_Baseline!$C:$C,Results_list!$C$88,SSP1_Baseline!$D:$D,Results_list!$D93,SSP1_Baseline!$B:$B,2025)) -> -0.13831155 | H93: =((SUMIFS(SSP1_VSI!$F:$F,SSP1_VSI!$C:$C,Results_list!$C$88,SSP1_VSI!$D:$D,Results_list!$D93,SSP1_VSI!$B:$B,2040)) - (SUMIFS(SSP1_VSI!$F:$F,SSP1_VSI!$C:$C,Results_list!$C$88,SSP1_VSI!$D:$D,Results_list!$D93,SSP1_VSI!$B:$B,2025))) / (SUMIFS(SSP1_VSI!$F:$F,SSP1_VSI!$C:$C,Results_list!$C$88,SSP1_VSI!$D:$D,Results_list!$D93,SSP1_VSI!$B:$B,2025)) -> -0.13838415 | I93: =ROUND(H93-G93,3) -> 0 | J93: =((SUMIFS(SSP2_Baseline!$E:$E,SSP2_Baseline!$C:$C,Results_list!$C$88,SSP2_Baseline!$D:$D,Results_list!$D93,SSP2_Baseline!$B:$B,2040)) - (SUMIFS(SSP2_Baseline!$E:$E,SSP2_Baseline!$C:$C,Results_list!$C$88,SSP2_Baseline!$D:$D,Results_list!$D93,SSP2_Baseline!$B:$B,2025))) / (SUMIFS(SSP2_Baseline!$E:$E,SSP2_Baseline!$C:$C,Results_list!$C$88,SSP2_Baseline!$D:$D,Results_list!$D93,SSP2_Baseline!$B:$B,2025)) -> -0.071974472 | K93: =((SUMIFS(SSP2_VSI!$F:$F,SSP2_VSI!$C:$C,Results_list!$C$88,SSP2_VSI!$D:$D,Results_list!$D93,SSP2_VSI!$B:$B,2040)) - (SUMIFS(SSP2_VSI!$F:$F,SSP2_VSI!$C:$C,Results_list!$C$88,SSP2_VSI!$D:$D,Results_list!$D93,SSP2_VSI!$B:$B,2025))) / (SUMIFS(SSP2_VSI!$F:$F,SSP2_VSI!$C:$C,Results_list!$C$88,SSP2_VSI!$D:$D,Results_list!$D93,SSP2_VSI!$B:$B,2025)) -> -0.071971588 | L93: =ROUND(K93-J93,2) -> 0 | M93: =((SUMIFS(SSP5_Baseline!$E:$E,SSP5_Baseline!$C:$C,Results_list!$C$88,SSP5_Baseline!$D:$D,Results_list!$D93,SSP5_Baseline!$B:$B,2040)) - (SUMIFS(SSP5_Baseline!$E:$E,SSP5_Baseline!$C:$C,Results_list!$C$88,SSP5_Baseline!$D:$D,Results_list!$D93,SSP5_Baseline!$B:$B,2025))) / (SUMIFS(SSP5_Baseline!$E:$E,SSP5_Baseline!$C:$C,Results_list!$C$88,SSP5_Baseline!$D:$D,Results_list!$D93,SSP5_Baseline!$B:$B,2025)) -> -0.027576255 | N93: =((SUMIFS(SSP5_VSI!$F:$F,SSP5_VSI!$C:$C,Results_list!$C$88,SSP5_VSI!$D:$D,Results_list!$D93,SSP5_VSI!$B:$B,2040)) - (SUMIFS(SSP5_VSI!$F:$F,SSP5_VSI!$C:$C,Results_list!$C$88,SSP5_VSI!$D:$D,Results_list!$D93,SSP5_VSI!$B:$B,2025))) / (SUMIFS(SSP5_VSI!$F:$F,SSP5_VSI!$C:$C,Results_list!$C$88,SSP5_VSI!$D:$D,Results_list!$D93,SSP5_VSI!$B:$B,2025)) -> -0.027558961 | O93: =ROUND(N93-M93,2) -> 0
D94: ('ReCiPe Midpoint (H)', 'particulate matter formation', 'PMFP') | F94: PMFP | G94: =((SUMIFS(SSP1_Baseline!$E:$E,SSP1_Baseline!$C:$C,Results_list!$C$88,SSP1_Baseline!$D:$D,Results_list!$D94,SSP1_Baseline!$B:$B,2040)) - (SUMIFS(SSP1_Baseline!$E:$E,SSP1_Baseline!$C:$C,Results_list!$C$88,SSP1_Baseline!$D:$D,Results_list!$D94,SSP1_Baseline!$B:$B,2025))) / (SUMIFS(SSP1_Baseline!$E:$E,SSP1_Baseline!$C:$C,Results_list!$C$88,SSP1_Baseline!$D:$D,Results_list!$D94,SSP1_Baseline!$B:$B,2025)) -> -0.074219597 | H94: =((SUMIFS(SSP1_VSI!$F:$F,SSP1_VSI!$C:$C,Results_list!$C$88,SSP1_VSI!$D:$D,Results_list!$D94,SSP1_VSI!$B:$B,2040)) - (SUMIFS(SSP1_VSI!$F:$F,SSP1_VSI!$C:$C,Results_list!$C$88,SSP1_VSI!$D:$D,Results_list!$D94,SSP1_VSI!$B:$B,2025))) / (SUMIFS(SSP1_VSI!$F:$F,SSP1_VSI!$C:$C,Results_list!$C$88,SSP1_VSI!$D:$D,Results_list!$D94,SSP1_VSI!$B:$B,2025)) -> -0.075351003 | I94: =ROUND(H94-G94,3) -> -0.001 | J94: =((SUMIFS(SSP2_Baseline!$E:$E,SSP2_Baseline!$C:$C,Results_list!$C$88,SSP2_Baseline!$D:$D,Results_list!$D94,SSP2_Baseline!$B:$B,2040)) - (SUMIFS(SSP2_Baseline!$E:$E,SSP2_Baseline!$C:$C,Results_list!$C$88,SSP2_Baseline!$D:$D,Results_list!$D94,SSP2_Baseline!$B:$B,2025))) / (SUMIFS(SSP2_Baseline!$E:$E,SSP2_Baseline!$C:$C,Results_list!$C$88,SSP2_Baseline!$D:$D,Results_list!$D94,SSP2_Baseline!$B:$B,2025)) -> -0.06014719 | K94: =((SUMIFS(SSP2_VSI!$F:$F,SSP2_VSI!$C:$C,Results_list!$C$88,SSP2_VSI!$D:$D,Results_list!$D94,SSP2_VSI!$B:$B,2040)) - (SUMIFS(SSP2_VSI!$F:$F,SSP2_VSI!$C:$C,Results_list!$C$88,SSP2_VSI!$D:$D,Results_list!$D94,SSP2_VSI!$B:$B,2025))) / (SUMIFS(SSP2_VSI!$F:$F,SSP2_VSI!$C:$C,Results_list!$C$88,SSP2_VSI!$D:$D,Results_list!$D94,SSP2_VSI!$B:$B,2025)) -> -0.061275749 | L94: =ROUND(K94-J94,2) -> 0 | M94: =((SUMIFS(SSP5_Baseline!$E:$E,SSP5_Baseline!$C:$C,Results_list!$C$88,SSP5_Baseline!$D:$D,Results_list!$D94,SSP5_Baseline!$B:$B,2040)) - (SUMIFS(SSP5_Baseline!$E:$E,SSP5_Baseline!$C:$C,Results_list!$C$88,SSP5_Baseline!$D:$D,Results_list!$D94,SSP5_Baseline!$B:$B,2025))) / (SUMIFS(SSP5_Baseline!$E:$E,SSP5_Baseline!$C:$C,Results_list!$C$88,SSP5_Baseline!$D:$D,Results_list!$D94,SSP5_Baseline!$B:$B,2025)) -> -0.052969202 | N94: =((SUMIFS(SSP5_VSI!$F:$F,SSP5_VSI!$C:$C,Results_list!$C$88,SSP5_VSI!$D:$D,Results_list!$D94,SSP5_VSI!$B:$B,2040)) - (SUMIFS(SSP5_VSI!$F:$F,SSP5_VSI!$C:$C,Results_list!$C$88,SSP5_VSI!$D:$D,Results_list!$D94,SSP5_VSI!$B:$B,2025))) / (SUMIFS(SSP5_VSI!$F:$F,SSP5_VSI!$C:$C,Results_list!$C$88,SSP5_VSI!$D:$D,Results_list!$D94,SSP5_VSI!$B:$B,2025)) -> -0.054168166 | O94: =ROUND(N94-M94,2) -> 0
D95: ('ReCiPe Midpoint (H)', 'agricultural land occupation', 'ALOP') | F95: ALOP | G95: =((SUMIFS(SSP1_Baseline!$E:$E,SSP1_Baseline!$C:$C,Results_list!$C$88,SSP1_Baseline!$D:$D,Results_list!$D95,SSP1_Baseline!$B:$B,2040)) - (SUMIFS(SSP1_Baseline!$E:$E,SSP1_Baseline!$C:$C,Results_list!$C$88,SSP1_Baseline!$D:$D,Results_list!$D95,SSP1_Baseline!$B:$B,2025))) / (SUMIFS(SSP1_Baseline!$E:$E,SSP1_Baseline!$C:$C,Results_list!$C$88,SSP1_Baseline!$D:$D,Results_list!$D95,SSP1_Baseline!$B:$B,2025)) -> 1.5138977 | H95: =((SUMIFS(SSP1_VSI!$F:$F,SSP1_VSI!$C:$C,Results_list!$C$88,SSP1_VSI!$D:$D,Results_list!$D95,SSP1_VSI!$B:$B,2040)) - (SUMIFS(SSP1_VSI!$F:$F,SSP1_VSI!$C:$C,Results_list!$C$88,SSP1_VSI!$D:$D,Results_list!$D95,SSP1_VSI!$B:$B,2025))) / (SUMIFS(SSP1_VSI!$F:$F,SSP1_VSI!$C:$C,Results_list!$C$88,SSP1_VSI!$D:$D,Results_list!$D95,SSP1_VSI!$B:$B,2025)) -> 1.5138959 | I95: =ROUND(H95-G95,3) -> 0 | J95: =((SUMIFS(SSP2_Baseline!$E:$E,SSP2_Baseline!$C:$C,Results_list!$C$88,SSP2_Baseline!$D:$D,Results_list!$D95,SSP2_Baseline!$B:$B,2040)) - (SUMIFS(SSP2_Baseline!$E:$E,SSP2_Baseline!$C:$C,Results_list!$C$88,SSP2_Baseline!$D:$D,Results_list!$D95,SSP2_Baseline!$B:$B,2025))) / (SUMIFS(SSP2_Baseline!$E:$E,SSP2_Baseline!$C:$C,Results_list!$C$88,SSP2_Baseline!$D:$D,Results_list!$D95,SSP2_Baseline!$B:$B,2025)) -> 4.7331358 | K95: =((SUMIFS(SSP2_VSI!$F:$F,SSP2_VSI!$C:$C,Results_list!$C$88,SSP2_VSI!$D:$D,Results_list!$D95,SSP2_VSI!$B:$B,2040)) - (SUMIFS(SSP2_VSI!$F:$F,SSP2_VSI!$C:$C,Results_list!$C$88,SSP2_VSI!$D:$D,Results_list!$D95,SSP2_VSI!$B:$B,2025))) / (SUMIFS(SSP2_VSI!$F:$F,SSP2_VSI!$C:$C,Results_list!$C$88,SSP2_VSI!$D:$D,Results_list!$D95,SSP2_VSI!$B:$B,2025)) -> 4.7329712 | L95: =ROUND(K95-J95,2) -> 0 | M95: =((SUMIFS(SSP5_Baseline!$E:$E,SSP5_Baseline!$C:$C,Results_list!$C$88,SSP5_Baseline!$D:$D,Results_list!$D95,SSP5_Baseline!$B:$B,2040)) - (SUMIFS(SSP5_Baseline!$E:$E,SSP5_Baseline!$C:$C,Results_list!$C$88,SSP5_Baseline!$D:$D,Results_list!$D95,SSP5_Baseline!$B:$B,2025))) / (SUMIFS(SSP5_Baseline!$E:$E,SSP5_Baseline!$C:$C,Results_list!$C$88,SSP5_Baseline!$D:$D,Results_list!$D95,SSP5_Baseline!$B:$B,2025)) -> 2.99739 | N95: =((SUMIFS(SSP5_VSI!$F:$F,SSP5_VSI!$C:$C,Results_list!$C$88,SSP5_VSI!$D:$D,Results_list!$D95,SSP5_VSI!$B:$B,2040)) - (SUMIFS(SSP5_VSI!$F:$F,SSP5_VSI!$C:$C,Results_list!$C$88,SSP5_VSI!$D:$D,Results_list!$D95,SSP5_VSI!$B:$B,2025))) / (SUMIFS(SSP5_VSI!$F:$F,SSP5_VSI!$C:$C,Results_list!$C$88,SSP5_VSI!$D:$D,Results_list!$D95,SSP5_VSI!$B:$B,2025)) -> 2.9973069 | O95: =ROUND(N95-M95,2) -> 0
D96: ('ReCiPe Midpoint (H)', 'freshwater eutrophication', 'FEP') | F96: FEP | G96: =((SUMIFS(SSP1_Baseline!$E:$E,SSP1_Baseline!$C:$C,Results_list!$C$88,SSP1_Baseline!$D:$D,Results_list!$D96,SSP1_Baseline!$B:$B,2040)) - (SUMIFS(SSP1_Baseline!$E:$E,SSP1_Baseline!$C:$C,Results_list!$C$88,SSP1_Baseline!$D:$D,Results_list!$D96,SSP1_Baseline!$B:$B,2025))) / (SUMIFS(SSP1_Baseline!$E:$E,SSP1_Baseline!$C:$C,Results_list!$C$88,SSP1_Baseline!$D:$D,Results_list!$D96,SSP1_Baseline!$B:$B,2025)) -> 0.0048814616 | H96: =((SUMIFS(SSP1_VSI!$F:$F,SSP1_VSI!$C:$C,Results_list!$C$88,SSP1_VSI!$D:$D,Results_list!$D96,SSP1_VSI!$B:$B,2040)) - (SUMIFS(SSP1_VSI!$F:$F,SSP1_VSI!$C:$C,Results_list!$C$88,SSP1_VSI!$D:$D,Results_list!$D96,SSP1_VSI!$B:$B,2025))) / (SUMIFS(SSP1_VSI!$F:$F,SSP1_VSI!$C:$C,Results_list!$C$88,SSP1_VSI!$D:$D,Results_list!$D96,SSP1_VSI!$B:$B,2025)) -> 0.004889722 | I96: =ROUND(H96-G96,3) -> 0 | J96: =((SUMIFS(SSP2_Baseline!$E:$E,SSP2_Baseline!$C:$C,Results_list!$C$88,SSP2_Baseline!$D:$D,Results_list!$D96,SSP2_Baseline!$B:$B,2040)) - (SUMIFS(SSP2_Baseline!$E:$E,SSP2_Baseline!$C:$C,Results_list!$C$88,SSP2_Baseline!$D:$D,Results_list!$D96,SSP2_Baseline!$B:$B,2025))) / (SUMIFS(SSP2_Baseline!$E:$E,SSP2_Baseline!$C:$C,Results_list!$C$88,SSP2_Baseline!$D:$D,Results_list!$D96,SSP2_Baseline!$B:$B,2025)) -> 0.066508762 | K96: =((SUMIFS(SSP2_VSI!$F:$F,SSP2_VSI!$C:$C,Results_list!$C$88,SSP2_VSI!$D:$D,Results_list!$D96,SSP2_VSI!$B:$B,2040)) - (SUMIFS(SSP2_VSI!$F:$F,SSP2_VSI!$C:$C,Results_list!$C$88,SSP2_VSI!$D:$D,Results_list!$D96,SSP2_VSI!$B:$B,2025))) / (SUMIFS(SSP2_VSI!$F:$F,SSP2_VSI!$C:$C,Results_list!$C$88,SSP2_VSI!$D:$D,Results_list!$D96,SSP2_VSI!$B:$B,2025)) -> 0.066509808 | L96: =ROUND(K96-J96,2) -> 0 | M96: =((SUMIFS(SSP5_Baseline!$E:$E,SSP5_Baseline!$C:$C,Results_list!$C$88,SSP5_Baseline!$D:$D,Results_list!$D96,SSP5_Baseline!$B:$B,2040)) - (SUMIFS(SSP5_Baseline!$E:$E,SSP5_Baseline!$C:$C,Results_list!$C$88,SSP5_Baseline!$D:$D,Results_list!$D96,SSP5_Baseline!$B:$B,2025))) / (SUMIFS(SSP5_Baseline!$E:$E,SSP5_Baseline!$C:$C,Results_list!$C$88,SSP5_Baseline!$D:$D,Results_list!$D96,SSP5_Baseline!$B:$B,2025)) -> 0.02716724 | N96: =((SUMIFS(SSP5_VSI!$F:$F,SSP5_VSI!$C:$C,Results_list!$C$88,SSP5_VSI!$D:$D,Results_list!$D96,SSP5_VSI!$B:$B,2040)) - (SUMIFS(SSP5_VSI!$F:$F,SSP5_VSI!$C:$C,Results_list!$C$88,SSP5_VSI!$D:$D,Results_list!$D96,SSP5_VSI!$B:$B,2025))) / (SUMIFS(SSP5_VSI!$F:$F,SSP5_VSI!$C:$C,Results_list!$C$88,SSP5_VSI!$D:$D,Results_list!$D96,SSP5_VSI!$B:$B,2025)) -> 0.027215829 | O96: =ROUND(N96-M96,2) -> 0
D97: ('ReCiPe Midpoint (H)', 'metal depletion', 'MDP') | F97: MDP | G97: =((SUMIFS(SSP1_Baseline!$E:$E,SSP1_Baseline!$C:$C,Results_list!$C$88,SSP1_Baseline!$D:$D,Results_list!$D97,SSP1_Baseline!$B:$B,2040)) - (SUMIFS(SSP1_Baseline!$E:$E,SSP1_Baseline!$C:$C,Results_list!$C$88,SSP1_Baseline!$D:$D,Results_list!$D97,SSP1_Baseline!$B:$B,2025))) / (SUMIFS(SSP1_Baseline!$E:$E,SSP1_Baseline!$C:$C,Results_list!$C$88,SSP1_Baseline!$D:$D,Results_list!$D97,SSP1_Baseline!$B:$B,2025)) -> 0.00056109136 | H97: =((SUMIFS(SSP1_VSI!$F:$F,SSP1_VSI!$C:$C,Results_list!$C$88,SSP1_VSI!$D:$D,Results_list!$D97,SSP1_VSI!$B:$B,2040)) - (SUMIFS(SSP1_VSI!$F:$F,SSP1_VSI!$C:$C,Results_list!$C$88,SSP1_VSI!$D:$D,Results_list!$D97,SSP1_VSI!$B:$B,2025))) / (SUMIFS(SSP1_VSI!$F:$F,SSP1_VSI!$C:$C,Results_list!$C$88,SSP1_VSI!$D:$D,Results_list!$D97,SSP1_VSI!$B:$B,2025)) -> 0.00056115726 | I97: =ROUND(H97-G97,3) -> 0 | J97: =((SUMIFS(SSP2_Baseline!$E:$E,SSP2_Baseline!$C:$C,Results_list!$C$88,SSP2_Baseline!$D:$D,Results_list!$D97,SSP2_Baseline!$B:$B,2040)) - (SUMIFS(SSP2_Baseline!$E:$E,SSP2_Baseline!$C:$C,Results_list!$C$88,SSP2_Baseline!$D:$D,Results_list!$D97,SSP2_Baseline!$B:$B,2025))) / (SUMIFS(SSP2_Baseline!$E:$E,SSP2_Baseline!$C:$C,Results_list!$C$88,SSP2_Baseline!$D:$D,Results_list!$D97,SSP2_Baseline!$B:$B,2025)) -> 0.00056518774 | K97: =((SUMIFS(SSP2_VSI!$F:$F,SSP2_VSI!$C:$C,Results_list!$C$88,SSP2_VSI!$D:$D,Results_list!$D97,SSP2_VSI!$B:$B,2040)) - (SUMIFS(SSP2_VSI!$F:$F,SSP2_VSI!$C:$C,Results_list!$C$88,SSP2_VSI!$D:$D,Results_list!$D97,SSP2_VSI!$B:$B,2025))) / (SUMIFS(SSP2_VSI!$F:$F,SSP2_VSI!$C:$C,Results_list!$C$88,SSP2_VSI!$D:$D,Results_list!$D97,SSP2_VSI!$B:$B,2025)) -> 0.00056522418 | L97: =ROUND(K97-J97,2) -> 0 | M97: =((SUMIFS(SSP5_Baseline!$E:$E,SSP5_Baseline!$C:$C,Results_list!$C$88,SSP5_Baseline!$D:$D,Results_list!$D97,SSP5_Baseline!$B:$B,2040)) - (SUMIFS(SSP5_Baseline!$E:$E,SSP5_Baseline!$C:$C,Results_list!$C$88,SSP5_Baseline!$D:$D,Results_list!$D97,SSP5_Baseline!$B:$B,2025))) / (SUMIFS(SSP5_Baseline!$E:$E,SSP5_Baseline!$C:$C,Results_list!$C$88,SSP5_Baseline!$D:$D,Results_list!$D97,SSP5_Baseline!$B:$B,2025)) -> 0.0004591999 | N97: =((SUMIFS(SSP5_VSI!$F:$F,SSP5_VSI!$C:$C,Results_list!$C$88,SSP5_VSI!$D:$D,Results_list!$D97,SSP5_VSI!$B:$B,2040)) - (SUMIFS(SSP5_VSI!$F:$F,SSP5_VSI!$C:$C,Results_list!$C$88,SSP5_VSI!$D:$D,Results_list!$D97,SSP5_VSI!$B:$B,2025))) / (SUMIFS(SSP5_VSI!$F:$F,SSP5_VSI!$C:$C,Results_list!$C$88,SSP5_VSI!$D:$D,Results_list!$D97,SSP5_VSI!$B:$B,2025)) -> 0.00045930735 | O97: =ROUND(N97-M97,2) -> 0
D98: ('ReCiPe Midpoint (H)', 'terrestrial acidification', 'TAP100') | F98: TAP100 | G98: =((SUMIFS(SSP1_Baseline!$E:$E,SSP1_Baseline!$C:$C,Results_list!$C$88,SSP1_Baseline!$D:$D,Results_list!$D98,SSP1_Baseline!$B:$B,2040)) - (SUMIFS(SSP1_Baseline!$E:$E,SSP1_Baseline!$C:$C,Results_list!$C$88,SSP1_Baseline!$D:$D,Results_list!$D98,SSP1_Baseline!$B:$B,2025))) / (SUMIFS(SSP1_Baseline!$E:$E,SSP1_Baseline!$C:$C,Results_list!$C$88,SSP1_Baseline!$D:$D,Results_list!$D98,SSP1_Baseline!$B:$B,2025)) -> -0.036211747 | H98: =((SUMIFS(SSP1_VSI!$F:$F,SSP1_VSI!$C:$C,Results_list!$C$88,SSP1_VSI!$D:$D,Results_list!$D98,SSP1_VSI!$B:$B,2040)) - (SUMIFS(SSP1_VSI!$F:$F,SSP1_VSI!$C:$C,Results_list!$C$88,SSP1_VSI!$D:$D,Results_list!$D98,SSP1_VSI!$B:$B,2025))) / (SUMIFS(SSP1_VSI!$F:$F,SSP1_VSI!$C:$C,Results_list!$C$88,SSP1_VSI!$D:$D,Results_list!$D98,SSP1_VSI!$B:$B,2025)) -> -0.038978774 | I98: =ROUND(H98-G98,3) -> -0.003 | J98: =((SUMIFS(SSP2_Baseline!$E:$E,SSP2_Baseline!$C:$C,Results_list!$C$88,SSP2_Baseline!$D:$D,Results_list!$D98,SSP2_Baseline!$B:$B,2040)) - (SUMIFS(SSP2_Baseline!$E:$E,SSP2_Baseline!$C:$C,Results_list!$C$88,SSP2_Baseline!$D:$D,Results_list!$D98,SSP2_Baseline!$B:$B,2025))) / (SUMIFS(SSP2_Baseline!$E:$E,SSP2_Baseline!$C:$C,Results_list!$C$88,SSP2_Baseline!$D:$D,Results_list!$D98,SSP2_Baseline!$B:$B,2025)) -> 0.0081489685 | K98: =((SUMIFS(SSP2_VSI!$F:$F,SSP2_VSI!$C:$C,Results_list!$C$88,SSP2_VSI!$D:$D,Results_list!$D98,SSP2_VSI!$B:$B,2040)) - (SUMIFS(SSP2_VSI!$F:$F,SSP2_VSI!$C:$C,Results_list!$C$88,SSP2_VSI!$D:$D,Results_list!$D98,SSP2_VSI!$B:$B,2025))) / (SUMIFS(SSP2_VSI!$F:$F,SSP2_VSI!$C:$C,Results_list!$C$88,SSP2_VSI!$D:$D,Results_list!$D98,SSP2_VSI!$B:$B,2025)) -> 0.0052158952 | L98: =ROUND(K98-J98,2) -> 0 | M98: =((SUMIFS(SSP5_Baseline!$E:$E,SSP5_Baseline!$C:$C,Results_list!$C$88,SSP5_Baseline!$D:$D,Results_list!$D98,SSP5_Baseline!$B:$B,2040)) - (SUMIFS(SSP5_Baseline!$E:$E,SSP5_Baseline!$C:$C,Results_list!$C$88,SSP5_Baseline!$D:$D,Results_list!$D98,SSP5_Baseline!$B:$B,2025))) / (SUMIFS(SSP5_Baseline!$E:$E,SSP5_Baseline!$C:$C,Results_list!$C$88,SSP5_Baseline!$D:$D,Results_list!$D98,SSP5_Baseline!$B:$B,2025)) -> 0.0097395025 | N98: =((SUMIFS(SSP5_VSI!$F:$F,SSP5_VSI!$C:$C,Results_list!$C$88,SSP5_VSI!$D:$D,Results_list!$D98,SSP5_VSI!$B:$B,2040)) - (SUMIFS(SSP5_VSI!$F:$F,SSP5_VSI!$C:$C,Results_list!$C$88,SSP5_VSI!$D:$D,Results_list!$D98,SSP5_VSI!$B:$B,2025))) / (SUMIFS(SSP5_VSI!$F:$F,SSP5_VSI!$C:$C,Results_list!$C$88,SSP5_VSI!$D:$D,Results_list!$D98,SSP5_VSI!$B:$B,2025)) -> 0.0068162064 | O98: =ROUND(N98-M98,2) -> 0
D99: ('ReCiPe Midpoint (H)', 'water depletion', 'WDP') | F99: WDP | G99: =((SUMIFS(SSP1_Baseline!$E:$E,SSP1_Baseline!$C:$C,Results_list!$C$88,SSP1_Baseline!$D:$D,Results_list!$D99,SSP1_Baseline!$B:$B,2040)) - (SUMIFS(SSP1_Baseline!$E:$E,SSP1_Baseline!$C:$C,Results_list!$C$88,SSP1_Baseline!$D:$D,Results_list!$D99,SSP1_Baseline!$B:$B,2025))) / (SUMIFS(SSP1_Baseline!$E:$E,SSP1_Baseline!$C:$C,Results_list!$C$88,SSP1_Baseline!$D:$D,Results_list!$D99,SSP1_Baseline!$B:$B,2025)) -> -0.05111107 | H99: =((SUMIFS(SSP1_VSI!$F:$F,SSP1_VSI!$C:$C,Results_list!$C$88,SSP1_VSI!$D:$D,Results_list!$D99,SSP1_VSI!$B:$B,2040)) - (SUMIFS(SSP1_VSI!$F:$F,SSP1_VSI!$C:$C,Results_list!$C$88,SSP1_VSI!$D:$D,Results_list!$D99,SSP1_VSI!$B:$B,2025))) / (SUMIFS(SSP1_VSI!$F:$F,SSP1_VSI!$C:$C,Results_list!$C$88,SSP1_VSI!$D:$D,Results_list!$D99,SSP1_VSI!$B:$B,2025)) -> -0.051113751 | I99: =ROUND(H99-G99,3) -> 0 | J99: =((SUMIFS(SSP2_Baseline!$E:$E,SSP2_Baseline!$C:$C,Results_list!$C$88,SSP2_Baseline!$D:$D,Results_list!$D99,SSP2_Baseline!$B:$B,2040)) - (SUMIFS(SSP2_Baseline!$E:$E,SSP2_Baseline!$C:$C,Results_list!$C$88,SSP2_Baseline!$D:$D,Results_list!$D99,SSP2_Baseline!$B:$B,2025))) / (SUMIFS(SSP2_Baseline!$E:$E,SSP2_Baseline!$C:$C,Results_list!$C$88,SSP2_Baseline!$D:$D,Results_list!$D99,SSP2_Baseline!$B:$B,2025)) -> 0.076565859 | K99: =((SUMIFS(SSP2_VSI!$F:$F,SSP2_VSI!$C:$C,Results_list!$C$88,SSP2_VSI!$D:$D,Results_list!$D99,SSP2_VSI!$B:$B,2040)) - (SUMIFS(SSP2_VSI!$F:$F,SSP2_VSI!$C:$C,Results_list!$C$88,SSP2_VSI!$D:$D,Results_list!$D99,SSP2_VSI!$B:$B,2025))) / (SUMIFS(SSP2_VSI!$F:$F,SSP2_VSI!$C:$C,Results_list!$C$88,SSP2_VSI!$D:$D,Results_list!$D99,SSP2_VSI!$B:$B,2025)) -> 0.07656624 | L99: =ROUND(K99-J99,2) -> 0 | M99: =((SUMIFS(SSP5_Baseline!$E:$E,SSP5_Baseline!$C:$C,Results_list!$C$88,SSP5_Baseline!$D:$D,Results_list!$D99,SSP5_Baseline!$B:$B,2040)) - (SUMIFS(SSP5_Baseline!$E:$E,SSP5_Baseline!$C:$C,Results_list!$C$88,SSP5_Baseline!$D:$D,Results_list!$D99,SSP5_Baseline!$B:$B,2025))) / (SUMIFS(SSP5_Baseline!$E:$E,SSP5_Baseline!$C:$C,Results_list!$C$88,SSP5_Baseline!$D:$D,Results_list!$D99,SSP5_Baseline!$B:$B,2025)) -> 0.11141996 | N99: =((SUMIFS(SSP5_VSI!$F:$F,SSP5_VSI!$C:$C,Results_list!$C$88,SSP5_VSI!$D:$D,Results_list!$D99,SSP5_VSI!$B:$B,2040)) - (SUMIFS(SSP5_VSI!$F:$F,SSP5_VSI!$C:$C,Results_list!$C$88,SSP5_VSI!$D:$D,Results_list!$D99,SSP5_VSI!$B:$B,2025))) / (SUMIFS(SSP5_VSI!$F:$F,SSP5_VSI!$C:$C,Results_list!$C$88,SSP5_VSI!$D:$D,Results_list!$D99,SSP5_VSI!$B:$B,2025)) -> 0.1114245 | O99: =ROUND(N99-M99,2) -> 0
D100: ('ReCiPe Midpoint (H)', 'urban land occupation', 'ULOP') | F100: ULOP | G100: =((SUMIFS(SSP1_Baseline!$E:$E,SSP1_Baseline!$C:$C,Results_list!$C$88,SSP1_Baseline!$D:$D,Results_list!$D100,SSP1_Baseline!$B:$B,2040)) - (SUMIFS(SSP1_Baseline!$E:$E,SSP1_Baseline!$C:$C,Results_list!$C$88,SSP1_Baseline!$D:$D,Results_list!$D100,SSP1_Baseline!$B:$B,2025))) / (SUMIFS(SSP1_Baseline!$E:$E,SSP1_Baseline!$C:$C,Results_list!$C$88,SSP1_Baseline!$D:$D,Results_list!$D100,SSP1_Baseline!$B:$B,2025)) -> 0.07574939 | H100: =((SUMIFS(SSP1_VSI!$F:$F,SSP1_VSI!$C:$C,Results_list!$C$88,SSP1_VSI!$D:$D,Results_list!$D100,SSP1_VSI!$B:$B,2040)) - (SUMIFS(SSP1_VSI!$F:$F,SSP1_VSI!$C:$C,Results_list!$C$88,SSP1_VSI!$D:$D,Results_list!$D100,SSP1_VSI!$B:$B,2025))) / (SUMIFS(SSP1_VSI!$F:$F,SSP1_VSI!$C:$C,Results_list!$C$88,SSP1_VSI!$D:$D,Results_list!$D100,SSP1_VSI!$B:$B,2025)) -> 0.075745195 | I100: =ROUND(H100-G100,3) -> 0 | J100: =((SUMIFS(SSP2_Baseline!$E:$E,SSP2_Baseline!$C:$C,Results_list!$C$88,SSP2_Baseline!$D:$D,Results_list!$D100,SSP2_Baseline!$B:$B,2040)) - (SUMIFS(SSP2_Baseline!$E:$E,SSP2_Baseline!$C:$C,Results_list!$C$88,SSP2_Baseline!$D:$D,Results_list!$D100,SSP2_Baseline!$B:$B,2025))) / (SUMIFS(SSP2_Baseline!$E:$E,SSP2_Baseline!$C:$C,Results_list!$C$88,SSP2_Baseline!$D:$D,Results_list!$D100,SSP2_Baseline!$B:$B,2025)) -> 0.086227263 | K100: =((SUMIFS(SSP2_VSI!$F:$F,SSP2_VSI!$C:$C,Results_list!$C$88,SSP2_VSI!$D:$D,Results_list!$D100,SSP2_VSI!$B:$B,2040)) - (SUMIFS(SSP2_VSI!$F:$F,SSP2_VSI!$C:$C,Results_list!$C$88,SSP2_VSI!$D:$D,Results_list!$D100,SSP2_VSI!$B:$B,2025))) / (SUMIFS(SSP2_VSI!$F:$F,SSP2_VSI!$C:$C,Results_list!$C$88,SSP2_VSI!$D:$D,Results_list!$D100,SSP2_VSI!$B:$B,2025)) -> 0.086202175 | L100: =ROUND(K100-J100,2) -> 0 | M100: =((SUMIFS(SSP5_Baseline!$E:$E,SSP5_Baseline!$C:$C,Results_list!$C$88,SSP5_Baseline!$D:$D,Results_list!$D100,SSP5_Baseline!$B:$B,2040)) - (SUMIFS(SSP5_Baseline!$E:$E,SSP5_Baseline!$C:$C,Results_list!$C$88,SSP5_Baseline!$D:$D,Results_list!$D100,SSP5_Baseline!$B:$B,2025))) / (SUMIFS(SSP5_Baseline!$E:$E,SSP5_Baseline!$C:$C,Results_list!$C$88,SSP5_Baseline!$D:$D,Results_list!$D100,SSP5_Baseline!$B:$B,2025)) -> 0.0081452717 | N100: =((SUMIFS(SSP5_VSI!$F:$F,SSP5_VSI!$C:$C,Results_list!$C$88,SSP5_VSI!$D:$D,Results_list!$D100,SSP5_VSI!$B:$B,2040)) - (SUMIFS(SSP5_VSI!$F:$F,SSP5_VSI!$C:$C,Results_list!$C$88,SSP5_VSI!$D:$D,Results_list!$D100,SSP5_VSI!$B:$B,2025))) / (SUMIFS(SSP5_VSI!$F:$F,SSP5_VSI!$C:$C,Results_list!$C$88,SSP5_VSI!$D:$D,Results_list!$D100,SSP5_VSI!$B:$B,2025)) -> 0.0081546648 | O100: =ROUND(N100-M100,2) -> 0
... D105: ('ReCiPe Midpoint (H)', 'ozone depletion', 'ODPinf') | F105: ODPinf | G105: =((SUMIFS(SSP1_Baseline!$E:$E,SSP1_Baseline!$C:$C,Results_list!$C$88,SSP1_Baseline!$D:$D,Results_list!$D105,SSP1_Baseline!$B:$B,2040)) - (SUMIFS(SSP1_Baseline!$E:$E,SSP1_Baseline!$C:$C,Results_list!$C$88,SSP1_Baseline!$D:$D,Results_list!$D105,SSP1_Baseline!$B:$B,2025))) / (SUMIFS(SSP1_Baseline!$E:$E,SSP1_Baseline!$C:$C,Results_list!$C$88,SSP1_Baseline!$D:$D,Results_list!$D105,SSP1_Baseline!$B:$B,2025)) -> -0.19388895 | H105: =((SUMIFS(SSP1_VSI!$F:$F,SSP1_VSI!$C:$C,Results_list!$C$88,SSP1_VSI!$D:$D,Results_list!$D105,SSP1_VSI!$B:$B,2040)) - (SUMIFS(SSP1_VSI!$F:$F,SSP1_VSI!$C:$C,Results_list!$C$88,SSP1_VSI!$D:$D,Results_list!$D105,SSP1_VSI!$B:$B,2025))) / (SUMIFS(SSP1_VSI!$F:$F,SSP1_VSI!$C:$C,Results_list!$C$88,SSP1_VSI!$D:$D,Results_list!$D105,SSP1_VSI!$B:$B,2025)) -> -0.19390443 | I105: =ROUND(H105-G105,3) -> 0 | J105: =((SUMIFS(SSP2_Baseline!$E:$E,SSP2_Baseline!$C:$C,Results_list!$C$88,SSP2_Baseline!$D:$D,Results_list!$D105,SSP2_Baseline!$B:$B,2040)) - (SUMIFS(SSP2_Baseline!$E:$E,SSP2_Baseline!$C:$C,Results_list!$C$88,SSP2_Baseline!$D:$D,Results_list!$D105,SSP2_Baseline!$B:$B,2025))) / (SUMIFS(SSP2_Baseline!$E:$E,SSP2_Baseline!$C:$C,Results_list!$C$88,SSP2_Baseline!$D:$D,Results_list!$D105,SSP2_Baseline!$B:$B,2025)) -> -0.25045521 | K105: =((SUMIFS(SSP2_VSI!$F:$F,SSP2_VSI!$C:$C,Results_list!$C$88,SSP2_VSI!$D:$D,Results_list!$D105,SSP2_VSI!$B:$B,2040)) - (SUMIFS(SSP2_VSI!$F:$F,SSP2_VSI!$C:$C,Results_list!$C$88,SSP2_VSI!$D:$D,Results_list!$D105,SSP2_VSI!$B:$B,2025))) / (SUMIFS(SSP2_VSI!$F:$F,SSP2_VSI!$C:$C,Results_list!$C$88,SSP2_VSI!$D:$D,Results_list!$D105,SSP2_VSI!$B:$B,2025)) -> -0.25047264 | L105: =ROUND(K105-J105,2) -> 0 | M105: =((SUMIFS(SSP5_Baseline!$E:$E,SSP5_Baseline!$C:$C,Results_list!$C$88,SSP5_Baseline!$D:$D,Results_list!$D105,SSP5_Baseline!$B:$B,2040)) - (SUMIFS(SSP5_Baseline!$E:$E,SSP5_Baseline!$C:$C,Results_list!$C$88,SSP5_Baseline!$D:$D,Results_list!$D105,SSP5_Baseline!$B:$B,2025))) / (SUMIFS(SSP5_Baseline!$E:$E,SSP5_Baseline!$C:$C,Results_list!$C$88,SSP5_Baseline!$D:$D,Results_list!$D105,SSP5_Baseline!$B:$B,2025)) -> -0.095372862 | N105: =((SUMIFS(SSP5_VSI!$F:$F,SSP5_VSI!$C:$C,Results_list!$C$88,SSP5_VSI!$D:$D,Results_list!$D105,SSP5_VSI!$B:$B,2040)) - (SUMIFS(SSP5_VSI!$F:$F,SSP5_VSI!$C:$C,Results_list!$C$88,SSP5_VSI!$D:$D,Results_list!$D105,SSP5_VSI!$B:$B,2025))) / (SUMIFS(SSP5_VSI!$F:$F,SSP5_VSI!$C:$C,Results_list!$C$88,SSP5_VSI!$D:$D,Results_list!$D105,SSP5_VSI!$B:$B,2025)) -> -0.095364641 | O105: =ROUND(N105-M105,2) -> 0
G107: Scenario
B108: Activity | C108: Activity | D108: Impact Category | F108: Impact Mitigation | G108: SSP1 | H108: SSP1 + VSI | I108: Δ% | J108: SSP2 | K108: SSP2 + VSI | L108: Δ% | M108: SSP5 | N108: SSP5 + VSI | O108: Δ%
B109: nickel mine operation and benefication to nickel concentrate, 7% Ni (CN) | C109: nickel mine operation and benefication to nickel concentrate, 7% Ni | D109: ('ReCiPe Midpoint (H)', 'terrestrial ecotoxicity', 'TETPinf') | F109: TETPinf | G109: =((SUMIFS(SSP1_Baseline!$E:$E,SSP1_Baseline!$C:$C,Results_list!$C$109,SSP1_Baseline!$D:$D,Results_list!$D109,SSP1_Baseline!$B:$B,2040)) - (SUMIFS(SSP1_Baseline!$E:$E,SSP1_Baseline!$C:$C,Results_list!$C$109,SSP1_Baseline!$D:$D,Results_list!$D109,SSP1_Baseline!$B:$B,2025))) / (SUMIFS(SSP1_Baseline!$E:$E,SSP1_Baseline!$C:$C,Results_list!$C$109,SSP1_Baseline!$D:$D,Results_list!$D109,SSP1_Baseline!$B:$B,2025)) -> -0.00033906701 | H109: =((SUMIFS(SSP1_VSI!$F:$F,SSP1_VSI!$C:$C,Results_list!$C$109,SSP1_VSI!$D:$D,Results_list!$D109,SSP1_VSI!$B:$B,2040)) - (SUMIFS(SSP1_VSI!$F:$F,SSP1_VSI!$C:$C,Results_list!$C$109,SSP1_VSI!$D:$D,Results_list!$D109,SSP1_VSI!$B:$B,2025))) / (SUMIFS(SSP1_VSI!$F:$F,SSP1_VSI!$C:$C,Results_list!$C$109,SSP1_VSI!$D:$D,Results_list!$D109,SSP1_VSI!$B:$B,2025)) -> -0.88399657 | I109: =ROUND(H109-G109,3) -> -0.884 | J109: =((SUMIFS(SSP2_Baseline!$E:$E,SSP2_Baseline!$C:$C,Results_list!$C$109,SSP2_Baseline!$D:$D,Results_list!$D109,SSP2_Baseline!$B:$B,2040)) - (SUMIFS(SSP2_Baseline!$E:$E,SSP2_Baseline!$C:$C,Results_list!$C$109,SSP2_Baseline!$D:$D,Results_list!$D109,SSP2_Baseline!$B:$B,2025))) / (SUMIFS(SSP2_Baseline!$E:$E,SSP2_Baseline!$C:$C,Results_list!$C$109,SSP2_Baseline!$D:$D,Results_list!$D109,SSP2_Baseline!$B:$B,2025)) -> 0.0038610056 | K109: =((SUMIFS(SSP2_VSI!$F:$F,SSP2_VSI!$C:$C,Results_list!$C$109,SSP2_VSI!$D:$D,Results_list!$D109,SSP2_VSI!$B:$B,2040)) - (SUMIFS(SSP2_VSI!$F:$F,SSP2_VSI!$C:$C,Results_list!$C$109,SSP2_VSI!$D:$D,Results_list!$D109,SSP2_VSI!$B:$B,2025))) / (SUMIFS(SSP2_VSI!$F:$F,SSP2_VSI!$C:$C,Results_list!$C$109,SSP2_VSI!$D:$D,Results_list!$D109,SSP2_VSI!$B:$B,2025)) -> -0.88793958 | L109: =ROUND(K109-J109,2) -> -0.89 | M109: =((SUMIFS(SSP5_Baseline!$E:$E,SSP5_Baseline!$C:$C,Results_list!$C$109,SSP5_Baseline!$D:$D,Results_list!$D109,SSP5_Baseline!$B:$B,2040)) - (SUMIFS(SSP5_Baseline!$E:$E,SSP5_Baseline!$C:$C,Results_list!$C$109,SSP5_Baseline!$D:$D,Results_list!$D109,SSP5_Baseline!$B:$B,2025))) / (SUMIFS(SSP5_Baseline!$E:$E,SSP5_Baseline!$C:$C,Results_list!$C$109,SSP5_Baseline!$D:$D,Results_list!$D109,SSP5_Baseline!$B:$B,2025)) -> 0.0056703686 | N109: =((SUMIFS(SSP5_VSI!$F:$F,SSP5_VSI!$C:$C,Results_list!$C$109,SSP5_VSI!$D:$D,Results_list!$D109,SSP5_VSI!$B:$B,2040)) - (SUMIFS(SSP5_VSI!$F:$F,SSP5_VSI!$C:$C,Results_list!$C$109,SSP5_VSI!$D:$D,Results_list!$D109,SSP5_VSI!$B:$B,2025))) / (SUMIFS(SSP5_VSI!$F:$F,SSP5_VSI!$C:$C,Results_list!$C$109,SSP5_VSI!$D:$D,Results_list!$D109,SSP5_VSI!$B:$B,2025)) -> -0.8866077 | O109: =ROUND(N109-M109,2) -> -0.89
D110: ('ReCiPe Midpoint (H)', 'natural land transformation', 'NLTP') | F110: NLTP | G110: =((SUMIFS(SSP1_Baseline!$E:$E,SSP1_Baseline!$C:$C,Results_list!$C$109,SSP1_Baseline!$D:$D,Results_list!$D110,SSP1_Baseline!$B:$B,2040)) - (SUMIFS(SSP1_Baseline!$E:$E,SSP1_Baseline!$C:$C,Results_list!$C$109,SSP1_Baseline!$D:$D,Results_list!$D110,SSP1_Baseline!$B:$B,2025))) / (SUMIFS(SSP1_Baseline!$E:$E,SSP1_Baseline!$C:$C,Results_list!$C$109,SSP1_Baseline!$D:$D,Results_list!$D110,SSP1_Baseline!$B:$B,2025)) -> -0.0027762127 | H110: =((SUMIFS(SSP1_VSI!$F:$F,SSP1_VSI!$C:$C,Results_list!$C$109,SSP1_VSI!$D:$D,Results_list!$D110,SSP1_VSI!$B:$B,2040)) - (SUMIFS(SSP1_VSI!$F:$F,SSP1_VSI!$C:$C,Results_list!$C$109,SSP1_VSI!$D:$D,Results_list!$D110,SSP1_VSI!$B:$B,2025))) / (SUMIFS(SSP1_VSI!$F:$F,SSP1_VSI!$C:$C,Results_list!$C$109,SSP1_VSI!$D:$D,Results_list!$D110,SSP1_VSI!$B:$B,2025)) -> -0.0027776382 | I110: =ROUND(H110-G110,3) -> 0 | J110: =((SUMIFS(SSP2_Baseline!$E:$E,SSP2_Baseline!$C:$C,Results_list!$C$109,SSP2_Baseline!$D:$D,Results_list!$D110,SSP2_Baseline!$B:$B,2040)) - (SUMIFS(SSP2_Baseline!$E:$E,SSP2_Baseline!$C:$C,Results_list!$C$109,SSP2_Baseline!$D:$D,Results_list!$D110,SSP2_Baseline!$B:$B,2025))) / (SUMIFS(SSP2_Baseline!$E:$E,SSP2_Baseline!$C:$C,Results_list!$C$109,SSP2_Baseline!$D:$D,Results_list!$D110,SSP2_Baseline!$B:$B,2025)) -> -0.0029650429 | K110: =((SUMIFS(SSP2_VSI!$F:$F,SSP2_VSI!$C:$C,Results_list!$C$109,SSP2_VSI!$D:$D,Results_list!$D110,SSP2_VSI!$B:$B,2040)) - (SUMIFS(SSP2_VSI!$F:$F,SSP2_VSI!$C:$C,Results_list!$C$109,SSP2_VSI!$D:$D,Results_list!$D110,SSP2_VSI!$B:$B,2025))) / (SUMIFS(SSP2_VSI!$F:$F,SSP2_VSI!$C:$C,Results_list!$C$109,SSP2_VSI!$D:$D,Results_list!$D110,SSP2_VSI!$B:$B,2025)) -> -0.0029689071 | L110: =ROUND(K110-J110,2) -> 0 | M110: =((SUMIFS(SSP5_Baseline!$E:$E,SSP5_Baseline!$C:$C,Results_list!$C$109,SSP5_Baseline!$D:$D,Results_list!$D110,SSP5_Baseline!$B:$B,2040)) - (SUMIFS(SSP5_Baseline!$E:$E,SSP5_Baseline!$C:$C,Results_list!$C$109,SSP5_Baseline!$D:$D,Results_list!$D110,SSP5_Baseline!$B:$B,2025))) / (SUMIFS(SSP5_Baseline!$E:$E,SSP5_Baseline!$C:$C,Results_list!$C$109,SSP5_Baseline!$D:$D,Results_list!$D110,SSP5_Baseline!$B:$B,2025)) -> -0.001145037 | N110: =((SUMIFS(SSP5_VSI!$F:$F,SSP5_VSI!$C:$C,Results_list!$C$109,SSP5_VSI!$D:$D,Results_list!$D110,SSP5_VSI!$B:$B,2040)) - (SUMIFS(SSP5_VSI!$F:$F,SSP5_VSI!$C:$C,Results_list!$C$109,SSP5_VSI!$D:$D,Results_list!$D110,SSP5_VSI!$B:$B,2025))) / (SUMIFS(SSP5_VSI!$F:$F,SSP5_VSI!$C:$C,Results_list!$C$109,SSP5_VSI!$D:$D,Results_list!$D110,SSP5_VSI!$B:$B,2025)) -> -0.0011502402 | O110: =ROUND(N110-M110,2) -> 0
D111: ('ReCiPe Midpoint (H)', 'photochemical oxidant formation', 'POFP') | F111: POFP | G111: =((SUMIFS(SSP1_Baseline!$E:$E,SSP1_Baseline!$C:$C,Results_list!$C$109,SSP1_Baseline!$D:$D,Results_list!$D111,SSP1_Baseline!$B:$B,2040)) - (SUMIFS(SSP1_Baseline!$E:$E,SSP1_Baseline!$C:$C,Results_list!$C$109,SSP1_Baseline!$D:$D,Results_list!$D111,SSP1_Baseline!$B:$B,2025))) / (SUMIFS(SSP1_Baseline!$E:$E,SSP1_Baseline!$C:$C,Results_list!$C$109,SSP1_Baseline!$D:$D,Results_list!$D111,SSP1_Baseline!$B:$B,2025)) -> -0.0029952672 | H111: =((SUMIFS(SSP1_VSI!$F:$F,SSP1_VSI!$C:$C,Results_list!$C$109,SSP1_VSI!$D:$D,Results_list!$D111,SSP1_VSI!$B:$B,2040)) - (SUMIFS(SSP1_VSI!$F:$F,SSP1_VSI!$C:$C,Results_list!$C$109,SSP1_VSI!$D:$D,Results_list!$D111,SSP1_VSI!$B:$B,2025))) / (SUMIFS(SSP1_VSI!$F:$F,SSP1_VSI!$C:$C,Results_list!$C$109,SSP1_VSI!$D:$D,Results_list!$D111,SSP1_VSI!$B:$B,2025)) -> -0.70835834 | I111: =ROUND(H111-G111,3) -> -0.705 | J111: =((SUMIFS(SSP2_Baseline!$E:$E,SSP2_Baseline!$C:$C,Results_list!$C$109,SSP2_Baseline!$D:$D,Results_list!$D111,SSP2_Baseline!$B:$B,2040)) - (SUMIFS(SSP2_Baseline!$E:$E,SSP2_Baseline!$C:$C,Results_list!$C$109,SSP2_Baseline!$D:$D,Results_list!$D111,SSP2_Baseline!$B:$B,2025))) / (SUMIFS(SSP2_Baseline!$E:$E,SSP2_Baseline!$C:$C,Results_list!$C$109,SSP2_Baseline!$D:$D,Results_list!$D111,SSP2_Baseline!$B:$B,2025)) -> -0.0025589609 | K111: =((SUMIFS(SSP2_VSI!$F:$F,SSP2_VSI!$C:$C,Results_list!$C$109,SSP2_VSI!$D:$D,Results_list!$D111,SSP2_VSI!$B:$B,2040)) - (SUMIFS(SSP2_VSI!$F:$F,SSP2_VSI!$C:$C,Results_list!$C$109,SSP2_VSI!$D:$D,Results_list!$D111,SSP2_VSI!$B:$B,2025))) / (SUMIFS(SSP2_VSI!$F:$F,SSP2_VSI!$C:$C,Results_list!$C$109,SSP2_VSI!$D:$D,Results_list!$D111,SSP2_VSI!$B:$B,2025)) -> -0.70825931 | L111: =ROUND(K111-J111,2) -> -0.71 | M111: =((SUMIFS(SSP5_Baseline!$E:$E,SSP5_Baseline!$C:$C,Results_list!$C$109,SSP5_Baseline!$D:$D,Results_list!$D111,SSP5_Baseline!$B:$B,2040)) - (SUMIFS(SSP5_Baseline!$E:$E,SSP5_Baseline!$C:$C,Results_list!$C$109,SSP5_Baseline!$D:$D,Results_list!$D111,SSP5_Baseline!$B:$B,2025))) / (SUMIFS(SSP5_Baseline!$E:$E,SSP5_Baseline!$C:$C,Results_list!$C$109,SSP5_Baseline!$D:$D,Results_list!$D111,SSP5_Baseline!$B:$B,2025)) -> -0.0016831721 | N111: =((SUMIFS(SSP5_VSI!$F:$F,SSP5_VSI!$C:$C,Results_list!$C$109,SSP5_VSI!$D:$D,Results_list!$D111,SSP5_VSI!$B:$B,2040)) - (SUMIFS(SSP5_VSI!$F:$F,SSP5_VSI!$C:$C,Results_list!$C$109,SSP5_VSI!$D:$D,Results_list!$D111,SSP5_VSI!$B:$B,2025))) / (SUMIFS(SSP5_VSI!$F:$F,SSP5_VSI!$C:$C,Results_list!$C$109,SSP5_VSI!$D:$D,Results_list!$D111,SSP5_VSI!$B:$B,2025)) -> -0.70727496 | O111: =ROUND(N111-M111,2) -> -0.71
D112: ('ReCiPe Midpoint (H)', 'human toxicity', 'HTPinf') | F112: HTPinf | G112: =((SUMIFS(SSP1_Baseline!$E:$E,SSP1_Baseline!$C:$C,Results_list!$C$109,SSP1_Baseline!$D:$D,Results_list!$D112,SSP1_Baseline!$B:$B,2040)) - (SUMIFS(SSP1_Baseline!$E:$E,SSP1_Baseline!$C:$C,Results_list!$C$109,SSP1_Baseline!$D:$D,Results_list!$D112,SSP1_Baseline!$B:$B,2025))) / (SUMIFS(SSP1_Baseline!$E:$E,SSP1_Baseline!$C:$C,Results_list!$C$109,SSP1_Baseline!$D:$D,Results_list!$D112,SSP1_Baseline!$B:$B,2025)) -> -0.00035323386 | H112: =((SUMIFS(SSP1_VSI!$F:$F,SSP1_VSI!$C:$C,Results_list!$C$109,SSP1_VSI!$D:$D,Results_list!$D112,SSP1_VSI!$B:$B,2040)) - (SUMIFS(SSP1_VSI!$F:$F,SSP1_VSI!$C:$C,Results_list!$C$109,SSP1_VSI!$D:$D,Results_list!$D112,SSP1_VSI!$B:$B,2025))) / (SUMIFS(SSP1_VSI!$F:$F,SSP1_VSI!$C:$C,Results_list!$C$109,SSP1_VSI!$D:$D,Results_list!$D112,SSP1_VSI!$B:$B,2025)) -> -0.016355713 | I112: =ROUND(H112-G112,3) -> -0.016 | J112: =((SUMIFS(SSP2_Baseline!$E:$E,SSP2_Baseline!$C:$C,Results_list!$C$109,SSP2_Baseline!$D:$D,Results_list!$D112,SSP2_Baseline!$B:$B,2040)) - (SUMIFS(SSP2_Baseline!$E:$E,SSP2_Baseline!$C:$C,Results_list!$C$109,SSP2_Baseline!$D:$D,Results_list!$D112,SSP2_Baseline!$B:$B,2025))) / (SUMIFS(SSP2_Baseline!$E:$E,SSP2_Baseline!$C:$C,Results_list!$C$109,SSP2_Baseline!$D:$D,Results_list!$D112,SSP2_Baseline!$B:$B,2025)) -> -1.5754563e-05 | K112: =((SUMIFS(SSP2_VSI!$F:$F,SSP2_VSI!$C:$C,Results_list!$C$109,SSP2_VSI!$D:$D,Results_list!$D112,SSP2_VSI!$B:$B,2040)) - (SUMIFS(SSP2_VSI!$F:$F,SSP2_VSI!$C:$C,Results_list!$C$109,SSP2_VSI!$D:$D,Results_list!$D112,SSP2_VSI!$B:$B,2025))) / (SUMIFS(SSP2_VSI!$F:$F,SSP2_VSI!$C:$C,Results_list!$C$109,SSP2_VSI!$D:$D,Results_list!$D112,SSP2_VSI!$B:$B,2025)) -> -0.016021139 | L112: =ROUND(K112-J112,2) -> -0.02 | M112: =((SUMIFS(SSP5_Baseline!$E:$E,SSP5_Baseline!$C:$C,Results_list!$C$109,SSP5_Baseline!$D:$D,Results_list!$D112,SSP5_Baseline!$B:$B,2040)) - (SUMIFS(SSP5_Baseline!$E:$E,SSP5_Baseline!$C:$C,Results_list!$C$109,SSP5_Baseline!$D:$D,Results_list!$D112,SSP5_Baseline!$B:$B,2025))) / (SUMIFS(SSP5_Baseline!$E:$E,SSP5_Baseline!$C:$C,Results_list!$C$109,SSP5_Baseline!$D:$D,Results_list!$D112,SSP5_Baseline!$B:$B,2025)) -> 0.0013834873 | N112: =((SUMIFS(SSP5_VSI!$F:$F,SSP5_VSI!$C:$C,Results_list!$C$109,SSP5_VSI!$D:$D,Results_list!$D112,SSP5_VSI!$B:$B,2040)) - (SUMIFS(SSP5_VSI!$F:$F,SSP5_VSI!$C:$C,Results_list!$C$109,SSP5_VSI!$D:$D,Results_list!$D112,SSP5_VSI!$B:$B,2025))) / (SUMIFS(SSP5_VSI!$F:$F,SSP5_VSI!$C:$C,Results_list!$C$109,SSP5_VSI!$D:$D,Results_list!$D112,SSP5_VSI!$B:$B,2025)) -> -0.01461197 | O112: =ROUND(N112-M112,2) -> -0.02
D113: ('ReCiPe Midpoint (H)', 'marine eutrophication', 'MEP') | F113: MEP | G113: =((SUMIFS(SSP1_Baseline!$E:$E,SSP1_Baseline!$C:$C,Results_list!$C$109,SSP1_Baseline!$D:$D,Results_list!$D113,SSP1_Baseline!$B:$B,2040)) - (SUMIFS(SSP1_Baseline!$E:$E,SSP1_Baseline!$C:$C,Results_list!$C$109,SSP1_Baseline!$D:$D,Results_list!$D113,SSP1_Baseline!$B:$B,2025))) / (SUMIFS(SSP1_Baseline!$E:$E,SSP1_Baseline!$C:$C,Results_list!$C$109,SSP1_Baseline!$D:$D,Results_list!$D113,SSP1_Baseline!$B:$B,2025)) -> -0.0038214765 | H113: =((SUMIFS(SSP1_VSI!$F:$F,SSP1_VSI!$C:$C,Results_list!$C$109,SSP1_VSI!$D:$D,Results_list!$D113,SSP1_VSI!$B:$B,2040)) - (SUMIFS(SSP1_VSI!$F:$F,SSP1_VSI!$C:$C,Results_list!$C$109,SSP1_VSI!$D:$D,Results_list!$D113,SSP1_VSI!$B:$B,2025))) / (SUMIFS(SSP1_VSI!$F:$F,SSP1_VSI!$C:$C,Results_list!$C$109,SSP1_VSI!$D:$D,Results_list!$D113,SSP1_VSI!$B:$B,2025)) -> -0.78060432 | I113: =ROUND(H113-G113,3) -> -0.777 | J113: =((SUMIFS(SSP2_Baseline!$E:$E,SSP2_Baseline!$C:$C,Results_list!$C$109,SSP2_Baseline!$D:$D,Results_list!$D113,SSP2_Baseline!$B:$B,2040)) - (SUMIFS(SSP2_Baseline!$E:$E,SSP2_Baseline!$C:$C,Results_list!$C$109,SSP2_Baseline!$D:$D,Results_list!$D113,SSP2_Baseline!$B:$B,2025))) / (SUMIFS(SSP2_Baseline!$E:$E,SSP2_Baseline!$C:$C,Results_list!$C$109,SSP2_Baseline!$D:$D,Results_list!$D113,SSP2_Baseline!$B:$B,2025)) -> 4.2018066e-05 | K113: =((SUMIFS(SSP2_VSI!$F:$F,SSP2_VSI!$C:$C,Results_list!$C$109,SSP2_VSI!$D:$D,Results_list!$D113,SSP2_VSI!$B:$B,2040)) - (SUMIFS(SSP2_VSI!$F:$F,SSP2_VSI!$C:$C,Results_list!$C$109,SSP2_VSI!$D:$D,Results_list!$D113,SSP2_VSI!$B:$B,2025))) / (SUMIFS(SSP2_VSI!$F:$F,SSP2_VSI!$C:$C,Results_list!$C$109,SSP2_VSI!$D:$D,Results_list!$D113,SSP2_VSI!$B:$B,2025)) -> -0.78149207 | L113: =ROUND(K113-J113,2) -> -0.78 | M113: =((SUMIFS(SSP5_Baseline!$E:$E,SSP5_Baseline!$C:$C,Results_list!$C$109,SSP5_Baseline!$D:$D,Results_list!$D113,SSP5_Baseline!$B:$B,2040)) - (SUMIFS(SSP5_Baseline!$E:$E,SSP5_Baseline!$C:$C,Results_list!$C$109,SSP5_Baseline!$D:$D,Results_list!$D113,SSP5_Baseline!$B:$B,2025))) / (SUMIFS(SSP5_Baseline!$E:$E,SSP5_Baseline!$C:$C,Results_list!$C$109,SSP5_Baseline!$D:$D,Results_list!$D113,SSP5_Baseline!$B:$B,2025)) -> 0.0023325727 | N113: =((SUMIFS(SSP5_VSI!$F:$F,SSP5_VSI!$C:$C,Results_list!$C$109,SSP5_VSI!$D:$D,Results_list!$D113,SSP5_VSI!$B:$B,2040)) - (SUMIFS(SSP5_VSI!$F:$F,SSP5_VSI!$C:$C,Results_list!$C$109,SSP5_VSI!$D:$D,Results_list!$D113,SSP5_VSI!$B:$B,2025))) / (SUMIFS(SSP5_VSI!$F:$F,SSP5_VSI!$C:$C,Results_list!$C$109,SSP5_VSI!$D:$D,Results_list!$D113,SSP5_VSI!$B:$B,2025)) -> -0.77922976 | O113: =ROUND(N113-M113,2) -> -0.78
D114: ('IPCC 2013', 'climate change', 'GWP 100a, incl. H and bio CO2') | F114: GWP100 | G114: =((SUMIFS(SSP1_Baseline!$E:$E,SSP1_Baseline!$C:$C,Results_list!$C$109,SSP1_Baseline!$D:$D,Results_list!$D114,SSP1_Baseline!$B:$B,2040)) - (SUMIFS(SSP1_Baseline!$E:$E,SSP1_Baseline!$C:$C,Results_list!$C$109,SSP1_Baseline!$D:$D,Results_list!$D114,SSP1_Baseline!$B:$B,2025))) / (SUMIFS(SSP1_Baseline!$E:$E,SSP1_Baseline!$C:$C,Results_list!$C$109,SSP1_Baseline!$D:$D,Results_list!$D114,SSP1_Baseline!$B:$B,2025)) -> -0.0081205579 | H114: =((SUMIFS(SSP1_VSI!$F:$F,SSP1_VSI!$C:$C,Results_list!$C$109,SSP1_VSI!$D:$D,Results_list!$D114,SSP1_VSI!$B:$B,2040)) - (SUMIFS(SSP1_VSI!$F:$F,SSP1_VSI!$C:$C,Results_list!$C$109,SSP1_VSI!$D:$D,Results_list!$D114,SSP1_VSI!$B:$B,2025))) / (SUMIFS(SSP1_VSI!$F:$F,SSP1_VSI!$C:$C,Results_list!$C$109,SSP1_VSI!$D:$D,Results_list!$D114,SSP1_VSI!$B:$B,2025)) -> -0.35821604 | I114: =ROUND(H114-G114,3) -> -0.35 | J114: =((SUMIFS(SSP2_Baseline!$E:$E,SSP2_Baseline!$C:$C,Results_list!$C$109,SSP2_Baseline!$D:$D,Results_list!$D114,SSP2_Baseline!$B:$B,2040)) - (SUMIFS(SSP2_Baseline!$E:$E,SSP2_Baseline!$C:$C,Results_list!$C$109,SSP2_Baseline!$D:$D,Results_list!$D114,SSP2_Baseline!$B:$B,2025))) / (SUMIFS(SSP2_Baseline!$E:$E,SSP2_Baseline!$C:$C,Results_list!$C$109,SSP2_Baseline!$D:$D,Results_list!$D114,SSP2_Baseline!$B:$B,2025)) -> -0.0036922963 | K114: =((SUMIFS(SSP2_VSI!$F:$F,SSP2_VSI!$C:$C,Results_list!$C$109,SSP2_VSI!$D:$D,Results_list!$D114,SSP2_VSI!$B:$B,2040)) - (SUMIFS(SSP2_VSI!$F:$F,SSP2_VSI!$C:$C,Results_list!$C$109,SSP2_VSI!$D:$D,Results_list!$D114,SSP2_VSI!$B:$B,2025))) / (SUMIFS(SSP2_VSI!$F:$F,SSP2_VSI!$C:$C,Results_list!$C$109,SSP2_VSI!$D:$D,Results_list!$D114,SSP2_VSI!$B:$B,2025)) -> -0.35381261 | L114: =ROUND(K114-J114,2) -> -0.35 | M114: =((SUMIFS(SSP5_Baseline!$E:$E,SSP5_Baseline!$C:$C,Results_list!$C$109,SSP5_Baseline!$D:$D,Results_list!$D114,SSP5_Baseline!$B:$B,2040)) - (SUMIFS(SSP5_Baseline!$E:$E,SSP5_Baseline!$C:$C,Results_list!$C$109,SSP5_Baseline!$D:$D,Results_list!$D114,SSP5_Baseline!$B:$B,2025))) / (SUMIFS(SSP5_Baseline!$E:$E,SSP5_Baseline!$C:$C,Results_list!$C$109,SSP5_Baseline!$D:$D,Results_list!$D114,SSP5_Baseline!$B:$B,2025)) -> 0.0015682461 | N114: =((SUMIFS(SSP5_VSI!$F:$F,SSP5_VSI!$C:$C,Results_list!$C$109,SSP5_VSI!$D:$D,Results_list!$D114,SSP5_VSI!$B:$B,2040)) - (SUMIFS(SSP5_VSI!$F:$F,SSP5_VSI!$C:$C,Results_list!$C$109,SSP5_VSI!$D:$D,Results_list!$D114,SSP5_VSI!$B:$B,2025))) / (SUMIFS(SSP5_VSI!$F:$F,SSP5_VSI!$C:$C,Results_list!$C$109,SSP5_VSI!$D:$D,Results_list!$D114,SSP5_VSI!$B:$B,2025)) -> -0.34804562 | O114: =ROUND(N114-M114,2) -> -0.35
D115: ('ReCiPe Midpoint (H)', 'particulate matter formation', 'PMFP') | F115: PMFP | G115: =((SUMIFS(SSP1_Baseline!$E:$E,SSP1_Baseline!$C:$C,Results_list!$C$109,SSP1_Baseline!$D:$D,Results_list!$D115,SSP1_Baseline!$B:$B,2040)) - (SUMIFS(SSP1_Baseline!$E:$E,SSP1_Baseline!$C:$C,Results_list!$C$109,SSP1_Baseline!$D:$D,Results_list!$D115,SSP1_Baseline!$B:$B,2025))) / (SUMIFS(SSP1_Baseline!$E:$E,SSP1_Baseline!$C:$C,Results_list!$C$109,SSP1_Baseline!$D:$D,Results_list!$D115,SSP1_Baseline!$B:$B,2025)) -> -0.024808488 | H115: =((SUMIFS(SSP1_VSI!$F:$F,SSP1_VSI!$C:$C,Results_list!$C$109,SSP1_VSI!$D:$D,Results_list!$D115,SSP1_VSI!$B:$B,2040)) - (SUMIFS(SSP1_VSI!$F:$F,SSP1_VSI!$C:$C,Results_list!$C$109,SSP1_VSI!$D:$D,Results_list!$D115,SSP1_VSI!$B:$B,2025))) / (SUMIFS(SSP1_VSI!$F:$F,SSP1_VSI!$C:$C,Results_list!$C$109,SSP1_VSI!$D:$D,Results_list!$D115,SSP1_VSI!$B:$B,2025)) -> -0.76409756 | I115: =ROUND(H115-G115,3) -> -0.739 | J115: =((SUMIFS(SSP2_Baseline!$E:$E,SSP2_Baseline!$C:$C,Results_list!$C$109,SSP2_Baseline!$D:$D,Results_list!$D115,SSP2_Baseline!$B:$B,2040)) - (SUMIFS(SSP2_Baseline!$E:$E,SSP2_Baseline!$C:$C,Results_list!$C$109,SSP2_Baseline!$D:$D,Results_list!$D115,SSP2_Baseline!$B:$B,2025))) / (SUMIFS(SSP2_Baseline!$E:$E,SSP2_Baseline!$C:$C,Results_list!$C$109,SSP2_Baseline!$D:$D,Results_list!$D115,SSP2_Baseline!$B:$B,2025)) -> -0.023646603 | K115: =((SUMIFS(SSP2_VSI!$F:$F,SSP2_VSI!$C:$C,Results_list!$C$109,SSP2_VSI!$D:$D,Results_list!$D115,SSP2_VSI!$B:$B,2040)) - (SUMIFS(SSP2_VSI!$F:$F,SSP2_VSI!$C:$C,Results_list!$C$109,SSP2_VSI!$D:$D,Results_list!$D115,SSP2_VSI!$B:$B,2025))) / (SUMIFS(SSP2_VSI!$F:$F,SSP2_VSI!$C:$C,Results_list!$C$109,SSP2_VSI!$D:$D,Results_list!$D115,SSP2_VSI!$B:$B,2025)) -> -0.76417622 | L115: =ROUND(K115-J115,2) -> -0.74 | M115: =((SUMIFS(SSP5_Baseline!$E:$E,SSP5_Baseline!$C:$C,Results_list!$C$109,SSP5_Baseline!$D:$D,Results_list!$D115,SSP5_Baseline!$B:$B,2040)) - (SUMIFS(SSP5_Baseline!$E:$E,SSP5_Baseline!$C:$C,Results_list!$C$109,SSP5_Baseline!$D:$D,Results_list!$D115,SSP5_Baseline!$B:$B,2025))) / (SUMIFS(SSP5_Baseline!$E:$E,SSP5_Baseline!$C:$C,Results_list!$C$109,SSP5_Baseline!$D:$D,Results_list!$D115,SSP5_Baseline!$B:$B,2025)) -> -0.023170027 | N115: =((SUMIFS(SSP5_VSI!$F:$F,SSP5_VSI!$C:$C,Results_list!$C$109,SSP5_VSI!$D:$D,Results_list!$D115,SSP5_VSI!$B:$B,2040)) - (SUMIFS(SSP5_VSI!$F:$F,SSP5_VSI!$C:$C,Results_list!$C$109,SSP5_VSI!$D:$D,Results_list!$D115,SSP5_VSI!$B:$B,2025))) / (SUMIFS(SSP5_VSI!$F:$F,SSP5_VSI!$C:$C,Results_list!$C$109,SSP5_VSI!$D:$D,Results_list!$D115,SSP5_VSI!$B:$B,2025)) -> -0.76390993 | O115: =ROUND(N115-M115,2) -> -0.74
D116: ('ReCiPe Midpoint (H)', 'agricultural land occupation', 'ALOP') | F116: ALOP | G116: =((SUMIFS(SSP1_Baseline!$E:$E,SSP1_Baseline!$C:$C,Results_list!$C$109,SSP1_Baseline!$D:$D,Results_list!$D116,SSP1_Baseline!$B:$B,2040)) - (SUMIFS(SSP1_Baseline!$E:$E,SSP1_Baseline!$C:$C,Results_list!$C$109,SSP1_Baseline!$D:$D,Results_list!$D116,SSP1_Baseline!$B:$B,2025))) / (SUMIFS(SSP1_Baseline!$E:$E,SSP1_Baseline!$C:$C,Results_list!$C$109,SSP1_Baseline!$D:$D,Results_list!$D116,SSP1_Baseline!$B:$B,2025)) -> 0.35885837 | H116: =((SUMIFS(SSP1_VSI!$F:$F,SSP1_VSI!$C:$C,Results_list!$C$109,SSP1_VSI!$D:$D,Results_list!$D116,SSP1_VSI!$B:$B,2040)) - (SUMIFS(SSP1_VSI!$F:$F,SSP1_VSI!$C:$C,Results_list!$C$109,SSP1_VSI!$D:$D,Results_list!$D116,SSP1_VSI!$B:$B,2025))) / (SUMIFS(SSP1_VSI!$F:$F,SSP1_VSI!$C:$C,Results_list!$C$109,SSP1_VSI!$D:$D,Results_list!$D116,SSP1_VSI!$B:$B,2025)) -> 0.35886959 | I116: =ROUND(H116-G116,3) -> 0 | J116: =((SUMIFS(SSP2_Baseline!$E:$E,SSP2_Baseline!$C:$C,Results_list!$C$109,SSP2_Baseline!$D:$D,Results_list!$D116,SSP2_Baseline!$B:$B,2040)) - (SUMIFS(SSP2_Baseline!$E:$E,SSP2_Baseline!$C:$C,Results_list!$C$109,SSP2_Baseline!$D:$D,Results_list!$D116,SSP2_Baseline!$B:$B,2025))) / (SUMIFS(SSP2_Baseline!$E:$E,SSP2_Baseline!$C:$C,Results_list!$C$109,SSP2_Baseline!$D:$D,Results_list!$D116,SSP2_Baseline!$B:$B,2025)) -> 0.20418182 | K116: =((SUMIFS(SSP2_VSI!$F:$F,SSP2_VSI!$C:$C,Results_list!$C$109,SSP2_VSI!$D:$D,Results_list!$D116,SSP2_VSI!$B:$B,2040)) - (SUMIFS(SSP2_VSI!$F:$F,SSP2_VSI!$C:$C,Results_list!$C$109,SSP2_VSI!$D:$D,Results_list!$D116,SSP2_VSI!$B:$B,2025))) / (SUMIFS(SSP2_VSI!$F:$F,SSP2_VSI!$C:$C,Results_list!$C$109,SSP2_VSI!$D:$D,Results_list!$D116,SSP2_VSI!$B:$B,2025)) -> 0.20413599 | L116: =ROUND(K116-J116,2) -> 0 | M116: =((SUMIFS(SSP5_Baseline!$E:$E,SSP5_Baseline!$C:$C,Results_list!$C$109,SSP5_Baseline!$D:$D,Results_list!$D116,SSP5_Baseline!$B:$B,2040)) - (SUMIFS(SSP5_Baseline!$E:$E,SSP5_Baseline!$C:$C,Results_list!$C$109,SSP5_Baseline!$D:$D,Results_list!$D116,SSP5_Baseline!$B:$B,2025))) / (SUMIFS(SSP5_Baseline!$E:$E,SSP5_Baseline!$C:$C,Results_list!$C$109,SSP5_Baseline!$D:$D,Results_list!$D116,SSP5_Baseline!$B:$B,2025)) -> 0.14763758 | N116: =((SUMIFS(SSP5_VSI!$F:$F,SSP5_VSI!$C:$C,Results_list!$C$109,SSP5_VSI!$D:$D,Results_list!$D116,SSP5_VSI!$B:$B,2040)) - (SUMIFS(SSP5_VSI!$F:$F,SSP5_VSI!$C:$C,Results_list!$C$109,SSP5_VSI!$D:$D,Results_list!$D116,SSP5_VSI!$B:$B,2025))) / (SUMIFS(SSP5_VSI!$F:$F,SSP5_VSI!$C:$C,Results_list!$C$109,SSP5_VSI!$D:$D,Results_list!$D116,SSP5_VSI!$B:$B,2025)) -> 0.14765432 | O116: =ROUND(N116-M116,2) -> 0
